Team,Type,Subtype,Period,Start Frame,Start Time [s],End Frame,End Time [s],From,To,Start X,Start Y,End X,End Y
Away,SET PIECE,KICK OFF,1,126,8.4,126,8.4,Player 20,,0.18176,0.60296,0.18176,0.60296
Away,PASS,LONG BALL,1,179,11.933,229,15.267,Player 21,Player 13,0.20108,0.35974,0.59706,0.88014
Away,PASS,LONG BALL,1,233,15.533,319,21.267,Player 13,Player 84,0.56848,0.76376,0.20319,0.51941
Away,PASS,,1,320,21.333,324,21.6,Player 84,Player 22,0.20764,0.4858,0.22545,0.35137
Away,CHALLENGE,AERIAL-LOST,1,327,21.8,358,23.867,Player 22,,0.22531,0.35141,0.22144,0.3479
Home,CHALLENGE,AERIAL-WON,1,327,21.8,358,23.867,Player 8,,0.22531,0.35141,0.22144,0.3479
Home,PASS,,1,363,24.2,366,24.4,Player 8,Player 9,0.21758,0.34496,0.23507,0.35766
Away,PASS,,1,390,26.0,391,26.067,Player 107,Player 12,0.57894,0.28756,0.5647,0.3096
Away,PASS,,1,392,26.133,397,26.467,Player 12,Player 87,0.55046,0.33165,0.49037,0.41619
Away,PASS,,1,400,26.667,406,27.067,Player 87,Player 109,0.48029,0.41526,0.45185,0.24471
Away,PASS,,1,407,27.133,416,27.733,Player 109,Player 15,0.45423,0.24417,0.49382,0.44293
Away,PASS,,1,565,37.667,577,38.467,Player 13,Player 71,0.5,0.60205,0.5,0.50162
Home,PASS,LONG BALL,1,604,40.267,631,42.067,Player 11,Player 1,0.5,0.52907,0.79078,0.98511
Home,BALL LOST,OUT,1,772,51.467,772,51.467,Player 195,,0.65316,0.8848,0.654,1.018
Away,SET PIECE,THROW IN,1,790,52.667,790,52.667,Player 196,,0.654,1.018,0.654,1.018
Away,PASS,LONG BALL,1,804,53.6,818,54.533,Player 196,Player 175,0.66441,0.9939,0.7919,0.49053
Away,BALL LOST,INTERCEPTION,1,819,54.6,875,58.333,Player 175,,0.801,0.45458,0.63668,0.84641
Home,RECOVERY,INTERCEPTION,1,875,58.333,875,58.333,Player 64,,0.63668,0.84641,0.63668,0.84641
Home,BALL LOST,,1,886,59.067,887,59.133,Player 47,,0.60373,0.89239,0.60302,0.88876
Away,RECOVERY,,1,887,59.133,887,59.133,Player 15,,0.60302,0.88876,0.60302,0.88876
Away,BALL LOST,INTERCEPTION,1,902,60.133,960,64.0,Player 15,,0.59227,0.83433,0.79882,0.48321
Home,RECOVERY,INTERCEPTION,1,960,64.0,960,64.0,Player 14,,0.79882,0.48321,0.79882,0.48321
Home,PASS,LONG BALL,1,987,65.8,1005,67.0,Player 14,Player 9,0.82691,0.45391,0.37511,0.36544
Home,PASS,,1,1074,71.6,1087,72.467,Player 9,Player 189,0.3441,0.27634,0.45323,0.26736
Home,BALL LOST,OUT,1,1541,102.733,1541,102.733,Player 270,,0.88162,0.38526,1.25427,0.13291
Home,SET PIECE,,1,1633,108.867,1633,108.867,Player 120,,0.14268,0.4761,0.14268,0.4761
Home,PASS,,1,1669,111.267,1685,112.333,Player 120,Player 11,0.1444,0.43839,0.13772,0.30464
Home,PASS,LONG BALL,1,1721,114.733,1773,118.2,Player 11,Player 195,0.21237,0.26689,0.94196,0.65364
Home,BALL LOST,INTERCEPTION,1,1775,118.333,1799,119.933,Player 195,,0.95577,0.65254,0.86639,0.55373
Away,RECOVERY,INTERCEPTION,1,1799,119.933,1799,119.933,Player 259,,0.86639,0.55373,0.86639,0.55373
Away,PASS,,1,1806,120.4,1812,120.8,Player 259,Player 13,0.84295,0.62636,0.84021,0.78214
Away,BALL LOST,,1,1813,120.867,1814,120.933,Player 13,,0.83975,0.80811,0.83929,0.83407
Home,RECOVERY,,1,1814,120.933,1814,120.933,Player 195,,0.83929,0.83407,0.83929,0.83407
Home,PASS,LONG BALL,1,1964,130.933,2008,133.867,Player 310,Player 266,0.71322,0.71637,0.7888,0.09606
Home,BALL LOST,OUT,1,2044,136.267,2044,136.267,Player 266,,0.94194,-0.04496,1.00141,0.09136
Home,SET PIECE,GOAL KICK,1,2062,137.467,2062,137.467,Player 301,,0.96043,0.07671,0.96043,0.07671
Home,BALL LOST,OUT,1,2064,137.6,2064,137.6,Player 301,,0.96585,0.09344,1.06124,0.20153
Home,SET PIECE,GOAL KICK,1,2069,137.933,2069,137.933,Player 50,,1.06124,0.20153,1.06124,0.20153
Home,BALL LOST,OUT,1,2073,138.2,2073,138.2,Player 50,,1.05168,0.27967,1.00476,0.36452
Home,SET PIECE,,1,2189,145.933,2189,145.933,Player 310,,0.86207,0.55603,0.86207,0.55603
Home,PASS,,1,2245,149.667,2288,152.533,Player 310,Player 317,0.86788,0.5363,0.87893,0.4468
Home,PASS,,1,2304,153.6,2623,174.867,Player 317,Player 310,0.87923,0.44587,0.79516,0.37436
Home,BALL LOST,INTERCEPTION,1,2700,180.0,2704,180.267,Player 310,,0.71426,0.46644,0.71402,0.48619
Away,RECOVERY,INTERCEPTION,1,2704,180.267,2704,180.267,Player 259,,0.71402,0.48619,0.71402,0.48619
Away,PASS,,1,2724,181.6,2731,182.067,Player 259,Player 378,0.71006,0.54999,0.58753,0.54356
Away,PASS,,1,2733,182.2,2736,182.4,Player 378,Player 259,0.55251,0.54172,0.5,0.53896
Away,PASS,,1,2740,182.667,2743,182.867,Player 259,Player 378,0.5,0.54011,0.57403,0.5653
Away,PASS,,1,2745,183.0,2749,183.267,Player 378,Player 259,0.62338,0.5821,0.72208,0.61569
Away,PASS,,1,2750,183.333,2811,187.4,Player 259,Player 12,0.7262,0.60791,0.81129,0.97528
Away,BALL LOST,,1,2831,188.733,2832,188.8,Player 12,,0.7066,0.90194,0.68983,0.87257
Home,RECOVERY,,1,2832,188.8,2832,188.8,Player 300,,0.68983,0.87257,0.68983,0.87257
Home,BALL LOST,INTERCEPTION,1,2840,189.333,2850,190.0,Player 300,,0.67046,0.89336,0.58999,0.93287
Away,RECOVERY,INTERCEPTION,1,2850,190.0,2850,190.0,Player 3,,0.58999,0.93287,0.58999,0.93287
Home,PASS,,1,2864,190.933,2865,191.0,Player 306,Player 195,0.51638,0.86958,0.49858,0.84518
Home,BALL LOST,INTERCEPTION,1,2866,191.067,2875,191.667,Player 195,,0.48079,0.82077,0.32063,0.60114
Away,RECOVERY,INTERCEPTION,1,2875,191.667,2875,191.667,Player 386,,0.32063,0.60114,0.32063,0.60114
Away,BALL LOST,INTERCEPTION,1,2920,194.667,3128,208.533,Player 386,,0.18212,0.56067,0.17757,0.53473
Home,RECOVERY,INTERCEPTION,1,3128,208.533,3128,208.533,Player 11,,0.17757,0.53473,0.17757,0.53473
Home,BALL LOST,INTERCEPTION,1,3138,209.2,3148,209.867,Player 11,,0.16532,0.49853,0.09722,0.54025
Away,RECOVERY,INTERCEPTION,1,3148,209.867,3148,209.867,Player 386,,0.09722,0.54025,0.09722,0.54025
Away,BALL LOST,INTERCEPTION,1,3191,212.733,3194,212.933,Player 386,,0.10286,0.54182,0.17396,0.50164
Home,RECOVERY,INTERCEPTION,1,3194,212.933,3194,212.933,Player 11,,0.17396,0.50164,0.17396,0.50164
Home,PASS,,1,3209,213.933,3210,214.0,Player 11,Player 301,0.17111,0.49233,0.18101,0.52794
Home,PASS,,1,3212,214.133,3231,215.4,Player 301,Player 300,0.20082,0.59917,0.28623,0.70624
Home,BALL LOST,INTERCEPTION,1,3583,238.867,3593,239.533,Player 417,,0.95242,0.44486,0.97044,0.44419
Away,RECOVERY,INTERCEPTION,1,3593,239.533,3593,239.533,Player 477,,0.97044,0.44419,0.97044,0.44419
Away,BALL LOST,,1,3605,240.333,3606,240.4,Player 477,,0.99206,0.44339,0.98915,0.44323
Home,RECOVERY,,1,3606,240.4,3606,240.4,Player 417,,0.98915,0.44323,0.98915,0.44323
Home,PASS,LONG BALL,1,3642,242.8,3671,244.733,Player 417,Player 430,0.91359,0.40739,0.20119,0.29961
Home,BALL LOST,INTERCEPTION,1,3686,245.733,3692,246.133,Player 430,,0.25338,0.2769,0.34213,0.2453
Away,RECOVERY,INTERCEPTION,1,3692,246.133,3692,246.133,Player 406,,0.34213,0.2453,0.34213,0.2453
Away,PASS,,1,3695,246.333,3714,247.6,Player 406,Player 494,0.37853,0.23281,0.46987,0.20599
Away,BALL LOST,INTERCEPTION,1,3715,247.667,3731,248.733,Player 494,,0.49306,0.21585,0.86413,0.37363
Home,RECOVERY,INTERCEPTION,1,3731,248.733,3731,248.733,Player 417,,0.86413,0.37363,0.86413,0.37363
Home,PASS,LONG BALL,1,3830,255.333,3853,256.867,Player 417,Player 120,0.91691,0.364,0.47124,0.90774
Home,PASS,LONG BALL,1,3865,257.667,3885,259.0,Player 120,Player 518,0.49546,0.91609,0.98131,0.80387
Home,BALL LOST,OUT,1,3896,259.733,3896,259.733,Player 518,,1.00707,0.79859,1.00238,0.8046
Home,SET PIECE,,1,4032,268.8,4032,268.8,Player 518,,0.86786,0.35358,0.86786,0.35358
Home,PASS,LONG BALL,1,4074,271.6,4126,275.067,Player 518,Player 430,0.86578,0.34646,0.2201,0.2893
Home,PASS,,1,4140,276.0,4155,277.0,Player 430,Player 310,0.26186,0.2878,0.43836,0.326
Away,PASS,,1,4294,286.267,4299,286.6,Player 259,Player 425,0.70337,0.32435,0.5902,0.25331
Away,BALL LOST,INTERCEPTION,1,4300,286.667,4319,287.933,Player 425,,0.56757,0.23911,0.57261,0.18646
Home,RECOVERY,INTERCEPTION,1,4319,287.933,4319,287.933,Player 516,,0.57261,0.18646,0.57261,0.18646
Away,PASS,,1,4330,288.667,4368,291.2,Player 425,Player 292,0.6147,0.2466,0.6449,0.37366
Away,PASS,,1,4406,293.733,4420,294.667,Player 292,Player 504,0.62851,0.40979,0.7723,0.53517
Away,PASS,,1,4422,294.8,4430,295.333,Player 504,Player 259,0.76018,0.51099,0.66397,0.35678
Away,PASS,,1,4431,295.4,4437,295.8,Player 259,Player 406,0.64617,0.35636,0.55722,0.35429
Away,PASS,LONG BALL,1,4460,297.333,4579,305.267,Player 406,Player 259,0.57167,0.35918,0.96093,0.56866
Away,PASS,,1,4610,307.333,4849,323.267,Player 259,Player 377,0.95895,0.51967,0.71514,0.31043
Away,PASS,LONG BALL,1,4851,323.4,4918,327.867,Player 377,Player 505,0.69001,0.28849,0.18575,0.35994
Away,PASS,,1,4926,328.4,4932,328.8,Player 505,Player 406,0.19672,0.3681,0.21506,0.37639
Away,CHALLENGE,AERIAL-LOST,1,4955,330.333,4965,331.0,Player 503,,0.2265,0.38626,0.22945,0.38975
Home,CHALLENGE,AERIAL-WON,1,4955,330.333,4965,331.0,Player 306,,0.2265,0.38626,0.22945,0.38975
Home,PASS,,1,4973,331.533,4978,331.867,Player 306,Player 518,0.23664,0.39623,0.26886,0.42459
Home,PASS,,1,4981,332.067,4982,332.133,Player 518,Player 397,0.29965,0.45169,0.32264,0.46524
Home,CHALLENGE,AERIAL-LOST,1,4983,332.2,5015,334.333,Player 397,,0.34563,0.47879,0.56488,0.85623
Away,CHALLENGE,AERIAL-WON,1,4983,332.2,5015,334.333,Player 504,,0.34563,0.47879,0.56488,0.85623
Away,PASS,LONG BALL,1,5035,335.667,5052,336.8,Player 3,Player 592,0.50119,0.95859,0.21759,0.62525
Away,PASS,,1,5189,345.933,5202,346.8,Player 592,Player 406,0.2263,0.46581,0.39831,0.36232
Away,PASS,LONG BALL,1,5204,346.933,5242,349.467,Player 406,Player 503,0.42478,0.3464,0.78941,0.28424
Away,BALL LOST,OUT,1,5243,349.533,5243,349.533,Player 503,,0.7917,0.28464,0.87429,-0.05254
Away,SET PIECE,THROW IN,1,5254,350.267,5254,350.267,Player 377,,0.87429,-0.05254,0.87429,-0.05254
Home,PASS,LONG BALL,1,5276,351.733,5406,360.4,Player 515,Player 616,0.75425,0.12777,0.38057,0.06816
Home,PASS,,1,5407,360.467,5410,360.667,Player 616,Player 590,0.38122,0.08294,0.36159,0.16137
Home,BALL LOST,OUT,1,5411,360.733,5411,360.733,Player 590,,0.35145,0.1932,0.27584,-0.03045
Home,SET PIECE,,1,5931,395.4,5931,395.4,Player 612,,0.14787,0.5049,0.14787,0.5049
Home,PASS,,1,6029,401.933,6032,402.133,Player 612,Player 679,0.13389,0.46661,0.16078,0.52166
Home,PASS,,1,6033,402.2,6034,402.267,Player 679,Player 363,0.17429,0.54949,0.1878,0.57732
Home,PASS,,1,6085,405.667,6337,422.467,Player 363,Player 612,0.19755,0.58386,0.23753,0.68424
Home,BALL LOST,INTERCEPTION,1,6360,424.0,6472,431.467,Player 612,,0.22942,0.69377,0.20689,0.6181
Away,RECOVERY,INTERCEPTION,1,6472,431.467,6472,431.467,Player 592,,0.20689,0.6181,0.20689,0.6181
Away,PASS,LONG BALL,1,6522,434.8,6540,436.0,Player 592,Player 259,0.20991,0.61531,0.62967,0.77709
Away,PASS,,1,6564,437.6,6573,438.2,Player 259,Player 504,0.58657,0.84017,0.54285,0.95511
Away,BALL LOST,OUT,1,6600,440.0,6600,440.0,Player 504,,0.49363,1.01143,0.49985,1.02359
Home,SET PIECE,THROW IN,1,6601,440.067,6601,440.067,Player 711,,0.49985,1.02359,0.49985,1.02359
Home,BALL LOST,OUT,1,6602,440.133,6602,440.133,Player 711,,0.49395,1.0259,0.46957,1.03603
Home,SET PIECE,THROW IN,1,6606,440.4,6606,440.4,Player 701,,0.46957,1.03603,0.46957,1.03603
Home,BALL LOST,OUT,1,6640,442.667,6640,442.667,Player 701,,0.48481,1.02767,0.48214,1.0074
Home,SET PIECE,,1,6652,443.467,6652,443.467,Player 590,,0.46101,0.88865,0.46101,0.88865
Home,BALL LOST,INTERCEPTION,1,6653,443.533,6804,453.6,Player 590,,0.44036,0.86701,0.19913,0.59689
Away,RECOVERY,INTERCEPTION,1,6804,453.6,6804,453.6,Player 592,,0.19913,0.59689,0.19913,0.59689
Away,BALL LOST,INTERCEPTION,1,6858,457.2,7262,484.133,Player 592,,0.19499,0.59179,0.24444,0.68682
Home,RECOVERY,INTERCEPTION,1,7262,484.133,7262,484.133,Player 721,,0.24444,0.68682,0.24444,0.68682
Home,BALL LOST,,1,7275,485.0,7276,485.067,Player 721,,0.17285,0.51932,0.16637,0.5053
Away,RECOVERY,,1,7276,485.067,7276,485.067,Player 724,,0.16637,0.5053,0.16637,0.5053
Away,PASS,,1,7305,487.0,7309,487.267,Player 730,Player 592,0.11798,0.44853,0.08612,0.46347
Away,BALL LOST,INTERCEPTION,1,7311,487.4,7321,488.067,Player 592,,0.07515,0.4227,0.13685,0.43075
Home,RECOVERY,INTERCEPTION,1,7321,488.067,7321,488.067,Player 728,,0.13685,0.43075,0.13685,0.43075
Home,BALL LOST,,1,7351,490.067,7352,490.133,Player 633,,0.09452,0.4008,0.07898,0.38968
Away,RECOVERY,,1,7352,490.133,7352,490.133,Player 592,,0.07898,0.38968,0.07898,0.38968
Away,PASS,,1,7406,493.733,7415,494.333,Player 592,Player 504,0.09629,0.40248,0.16278,0.42894
Home,PASS,,1,7428,495.2,7441,496.067,Player 721,Player 728,0.1734,0.34193,0.16598,0.29847
Home,PASS,LONG BALL,1,7445,496.333,7599,506.6,Player 633,Player 710,0.19078,0.2604,0.57975,0.55494
Home,PASS,,1,7622,508.133,7623,508.2,Player 710,Player 590,0.63283,0.55582,0.60848,0.54918
Home,BALL LOST,INTERCEPTION,1,7624,508.267,7634,508.933,Player 590,,0.58413,0.54254,0.34066,0.47617
Away,RECOVERY,INTERCEPTION,1,7634,508.933,7634,508.933,Player 592,,0.34066,0.47617,0.34066,0.47617
Home,PASS,,1,8791,586.067,8792,586.133,Player 633,Player 430,0.434,0.4916,0.45186,0.51836
Home,PASS,,1,8793,586.2,8833,588.867,Player 430,Player 633,0.46973,0.54512,0.51564,0.56593
Home,PASS,,1,8836,589.067,8855,590.333,Player 633,Player 616,0.48111,0.50304,0.41207,0.62861
Home,BALL LOST,OUT,1,8892,592.8,8892,592.8,Player 616,,0.39881,0.66125,0.23175,-0.00549
Home,SET PIECE,THROW IN,1,8926,595.067,8926,595.067,Player 721,,0.23175,-0.00549,0.23175,-0.00549
Home,BALL LOST,OUT,1,8933,595.533,8933,595.533,Player 721,,0.22181,-0.09499,0.2057,-0.0027
Home,SET PIECE,,1,8946,596.4,8946,596.4,Player 721,,0.15202,0.30492,0.15202,0.30492
Home,PASS,,1,8984,598.933,8995,599.667,Player 721,Player 616,0.14903,0.37914,0.12388,0.46584
Home,PASS,,1,9014,600.933,9028,601.867,Player 616,Player 721,0.13162,0.47934,0.1562,0.35359
Away,PASS,,1,9055,603.667,9063,604.2,Player 698,Player 832,0.22589,0.24084,0.3031,0.19454
Away,BALL LOST,,1,9066,604.4,9067,604.467,Player 832,,0.30983,0.18984,0.30956,0.18899
Home,RECOVERY,,1,9067,604.467,9067,604.467,Player 590,,0.30956,0.18899,0.30956,0.18899
Home,PASS,,1,9086,605.733,9103,606.867,Player 590,Player 721,0.29859,0.17393,0.16781,0.21511
Home,PASS,LONG BALL,1,9120,608.0,9147,609.8,Player 721,Player 890,0.19137,0.21901,0.86998,0.35283
Home,BALL LOST,OUT,1,9150,610.0,9150,610.0,Player 890,,0.87001,0.35306,0.80702,-0.00093
Away,SET PIECE,,1,9330,622.0,9330,622.0,Player 724,,0.87581,0.43218,0.87581,0.43218
Away,PASS,,1,9335,622.333,9787,652.467,Player 724,Player 831,0.85598,0.45834,0.63612,0.35636
Away,PASS,,1,9803,653.533,9807,653.8,Player 831,Player 703,0.62394,0.38628,0.68629,0.47466
Away,PASS,,1,9814,654.267,9816,654.4,Player 703,Player 831,0.65625,0.44005,0.63501,0.41794
Away,BALL LOST,INTERCEPTION,1,9818,654.533,9863,657.533,Player 831,,0.61377,0.39583,0.58857,0.37589
Home,RECOVERY,INTERCEPTION,1,9863,657.533,9863,657.533,Player 728,,0.58857,0.37589,0.58857,0.37589
Away,PASS,LONG BALL,1,9889,659.267,9987,665.8,Player 377,Player 942,0.6377,0.48921,0.25609,0.44799
Away,PASS,,1,10004,666.933,10045,669.667,Player 942,Player 984,0.25895,0.4174,0.30473,0.59441
Away,BALL LOST,INTERCEPTION,1,10067,671.133,10074,671.6,Player 984,,0.36168,0.61543,0.39805,0.64444
Home,RECOVERY,INTERCEPTION,1,10074,671.6,10074,671.6,Player 616,,0.39805,0.64444,0.39805,0.64444
Home,BALL LOST,INTERCEPTION,1,10111,674.067,10117,674.467,Player 616,,0.46953,0.72497,0.50566,0.71092
Away,RECOVERY,INTERCEPTION,1,10117,674.467,10117,674.467,Player 893,,0.50566,0.71092,0.50566,0.71092
Away,PASS,,1,10170,678.0,10188,679.2,Player 893,Player 937,0.70862,0.70935,0.83277,0.81741
Away,BALL LOST,INTERCEPTION,1,10189,679.267,10262,684.133,Player 937,,0.84009,0.78856,0.55461,0.52861
Home,RECOVERY,INTERCEPTION,1,10262,684.133,10262,684.133,Player 944,,0.55461,0.52861,0.55461,0.52861
Home,PASS,,1,10275,685.0,10287,685.8,Player 944,Player 934,0.51064,0.4908,0.4521,0.39526
Home,PASS,,1,10292,686.133,10300,686.667,Player 934,Player 721,0.45883,0.36711,0.51725,0.33211
Home,PASS,,1,10303,686.867,10304,686.933,Player 721,Player 947,0.52798,0.32849,0.55117,0.33729
Home,BALL LOST,INTERCEPTION,1,10305,687.0,10321,688.067,Player 947,,0.57436,0.34609,0.69094,0.40637
Away,RECOVERY,INTERCEPTION,1,10321,688.067,10321,688.067,Player 730,,0.69094,0.40637,0.69094,0.40637
Away,PASS,,1,10355,690.333,10358,690.533,Player 730,Player 964,0.67909,0.3972,0.6501,0.37936
Away,PASS,,1,10359,690.6,10374,691.6,Player 964,Player 950,0.64044,0.37341,0.4955,0.28418
Away,BALL LOST,,1,10376,691.733,10377,691.8,Player 950,,0.47617,0.27229,0.46651,0.26634
Home,RECOVERY,,1,10377,691.8,10377,691.8,Player 728,,0.46651,0.26634,0.46651,0.26634
Home,PASS,,1,10409,693.933,10427,695.133,Player 728,Player 430,0.30789,0.2621,0.14648,0.32199
Home,BALL LOST,,1,10511,700.733,10512,700.8,Player 728,,0.27879,0.19684,0.29153,0.19304
Away,RECOVERY,,1,10512,700.8,10512,700.8,Player 950,,0.29153,0.19304,0.29153,0.19304
Away,PASS,,1,10515,701.0,10522,701.467,Player 950,Player 377,0.32302,0.18467,0.38639,0.16449
Away,PASS,,1,10525,701.667,10717,714.467,Player 377,Player 964,0.42149,0.17594,0.66821,0.2313
Away,BALL LOST,,1,10718,714.533,10720,714.667,Player 964,,0.66711,0.26867,0.66489,0.34341
Home,RECOVERY,,1,10720,714.667,10720,714.667,Player 935,,0.66489,0.34341,0.66489,0.34341
Home,PASS,,1,10767,717.8,10772,718.133,Player 935,Player 1026,0.65394,0.36359,0.62322,0.41963
Home,PASS,,1,10776,718.4,10789,719.267,Player 1026,Player 861,0.62172,0.45846,0.63663,0.61022
Home,BALL LOST,INTERCEPTION,1,10792,719.467,10797,719.8,Player 861,,0.66461,0.61493,0.75182,0.5955
Away,RECOVERY,INTERCEPTION,1,10797,719.8,10797,719.8,Player 818,,0.75182,0.5955,0.75182,0.5955
Away,BALL LOST,OUT,1,10817,721.133,10817,721.133,Player 818,,0.78047,0.81358,1.01352,0.26046
Home,SET PIECE,,1,10901,726.733,10901,726.733,Player 721,,0.83425,0.51853,0.83425,0.51853
Home,PASS,,1,10902,726.8,10909,727.267,Player 721,Player 947,0.82814,0.55405,0.78542,0.80269
Home,PASS,,1,10910,727.333,10911,727.4,Player 947,Player 935,0.77932,0.83821,0.77322,0.87373
Home,BALL LOST,INTERCEPTION,1,10918,727.867,10933,728.867,Player 947,,0.76247,0.85029,0.6418,0.6622
Away,RECOVERY,INTERCEPTION,1,10933,728.867,10933,728.867,Player 966,,0.6418,0.6622,0.6418,0.6622
Home,PASS,,1,10948,729.867,10951,730.067,Player 861,Player 927,0.61966,0.77238,0.67088,0.84387
Home,BALL LOST,,1,10960,730.667,10961,730.733,Player 927,,0.72104,0.9232,0.72394,0.92941
Away,RECOVERY,,1,10961,730.733,10961,730.733,Player 910,,0.72394,0.92941,0.72394,0.92941
Away,BALL LOST,INTERCEPTION,1,10980,732.0,11118,741.2,Player 910,,0.70122,0.90055,0.13628,0.32449
Home,RECOVERY,INTERCEPTION,1,11118,741.2,11118,741.2,Player 616,,0.13628,0.32449,0.13628,0.32449
Home,PASS,LONG BALL,1,11140,742.667,11184,745.6,Player 927,Player 430,0.12558,0.31546,0.43021,0.39849
Home,BALL LOST,OUT,1,11215,747.667,11215,747.667,Player 430,,0.4576,-0.03237,0.44854,-0.01559
Home,SET PIECE,,1,11234,748.933,11234,748.933,Player 430,,0.28548,0.28638,0.28548,0.28638
Home,PASS,LONG BALL,1,11252,750.133,11397,759.8,Player 430,Player 1093,0.27439,0.26213,0.77762,0.35194
Away,BALL LOST,INTERCEPTION,1,11765,784.333,11771,784.733,Player 966,,0.17799,0.36686,0.32917,0.35457
Home,RECOVERY,INTERCEPTION,1,11771,784.733,11771,784.733,Player 926,,0.32917,0.35457,0.32917,0.35457
Home,PASS,,1,11774,784.933,12510,834.0,Player 926,Player 1101,0.31688,0.38963,0.22039,0.40244
Home,BALL LOST,INTERCEPTION,1,12511,834.067,12690,846.0,Player 1101,,0.24221,0.38399,0.15588,0.47661
Away,RECOVERY,INTERCEPTION,1,12690,846.0,12690,846.0,Player 1130,,0.15588,0.47661,0.15588,0.47661
Away,SHOT,SAVED,1,12857,857.133,14162,944.133,Player 1130,,0.1364,0.40123,0.31123,0.41917
Home,BALL LOST,OUT,1,14163,944.2,14163,944.2,Player 1154,,0.29159,0.39776,0.21445,-0.02593
Away,SET PIECE,,1,14335,955.667,14335,955.667,Player 1130,,0.20104,0.61798,0.20104,0.61798
Away,PASS,,1,15143,1009.533,15152,1010.133,Player 1244,Player 730,0.57313,0.7649,0.66176,0.79519
Away,PASS,,1,15154,1010.267,15174,1011.6,Player 730,Player 1337,0.65976,0.79403,0.61672,0.73984
Home,PASS,,1,15309,1020.6,15314,1020.933,Player 1335,Player 1454,0.81213,0.44074,0.90707,0.56599
Home,PASS,LONG BALL,1,15355,1023.667,15512,1034.133,Player 1454,Player 1292,0.87318,0.54149,0.25399,0.83191
Home,PASS,,1,15533,1035.533,15552,1036.8,Player 1292,Player 1472,0.27254,0.80626,0.30709,0.565
Home,PASS,,1,15615,1041.0,15648,1043.2,Player 1472,Player 1292,0.30698,0.32138,0.29782,0.49177
Home,BALL LOST,OUT,1,15731,1048.733,15731,1048.733,Player 1292,,0.37656,0.56241,0.21468,-0.00215
Home,SET PIECE,,1,15781,1052.067,15781,1052.067,Player 1472,,0.16219,0.26607,0.16219,0.26607
Home,BALL LOST,OUT,1,15849,1056.6,15849,1056.6,Player 1472,,0.29037,0.23951,1.03251,0.82136
Home,SET PIECE,,1,15924,1061.6,15924,1061.6,Player 1472,,0.17963,0.17476,0.17963,0.17476
Home,PASS,LONG BALL,1,15989,1065.933,16003,1066.867,Player 1472,Player 1529,0.54947,0.34124,0.88265,0.33237
Home,PASS,,1,16219,1081.267,16249,1083.267,Player 1555,Player 1512,0.57043,0.20721,0.70009,0.30898
Home,BALL LOST,,1,16250,1083.333,16251,1083.4,Player 1512,,0.7191,0.32769,0.7381,0.3464
Away,RECOVERY,,1,16251,1083.4,16251,1083.4,Player 730,,0.7381,0.3464,0.7381,0.3464
Away,BALL LOST,INTERCEPTION,1,16254,1083.6,16263,1084.2,Player 730,,0.73815,0.34646,0.71834,0.31171
Home,RECOVERY,INTERCEPTION,1,16263,1084.2,16263,1084.2,Player 1512,,0.71834,0.31171,0.71834,0.31171
Home,PASS,,1,16268,1084.533,16270,1084.667,Player 1512,Player 1550,0.68539,0.25327,0.67222,0.22989
Home,PASS,,1,16274,1084.933,16284,1085.6,Player 1550,Player 1512,0.64902,0.20826,0.63115,0.24014
Away,PASS,,1,16289,1085.933,16321,1088.067,Player 1553,Player 730,0.71285,0.32003,0.81679,0.3639
Away,PASS,LONG BALL,1,16343,1089.533,16420,1094.667,Player 730,Player 1438,0.91646,0.37841,0.31593,0.36171
Away,PASS,,1,16435,1095.667,16441,1096.067,Player 1438,Player 1570,0.31984,0.4044,0.22305,0.5449
Away,SHOT,SAVED,1,16465,1097.667,16566,1104.4,Player 1570,,0.17614,0.53139,0.11112,0.41347
Home,PASS,,1,16578,1105.2,16589,1105.933,Player 1292,Player 1561,0.10327,0.45813,0.03043,0.29663
Home,PASS,,1,16591,1106.067,16603,1106.867,Player 1561,Player 1575,0.03893,0.31614,0.1012,0.37331
Home,PASS,,1,16641,1109.4,16746,1116.4,Player 1292,Player 1336,0.11204,0.41284,0.2831,0.42214
Home,BALL LOST,INTERCEPTION,1,16829,1121.933,16914,1127.6,Player 1336,,0.30517,0.42154,0.10407,0.4067
Away,RECOVERY,INTERCEPTION,1,16914,1127.6,16914,1127.6,Player 1576,,0.10407,0.4067,0.10407,0.4067
Away,PASS,,1,16963,1130.867,17115,1141.0,Player 1576,Player 1584,0.11742,0.38561,0.21369,0.21573
Away,SHOT,SAVED,1,17117,1141.133,17400,1160.0,Player 1584,,0.17431,0.2524,0.20865,0.66402
Home,PASS,,1,17497,1166.467,17571,1171.4,Player 1336,Player 1294,0.19266,0.49719,0.36045,0.26221
Away,PASS,CROSS,1,17574,1171.6,17645,1176.333,Player 1553,Player 1584,0.4162,0.1896,0.1634,0.42971
Away,PASS,,1,17658,1177.2,17665,1177.667,Player 1584,Player 1576,0.1505,0.3783,0.07225,0.41847
Away,SHOT,SAVED,1,17679,1178.6,17884,1192.267,Player 1576,,0.0325,0.40296,0.22703,0.44576
Home,BALL LOST,,1,17893,1192.867,17894,1192.933,Player 1473,,0.23137,0.43544,0.23208,0.43423
Away,RECOVERY,,1,17894,1192.933,17894,1192.933,Player 1584,,0.23208,0.43423,0.23208,0.43423
Away,BALL LOST,INTERCEPTION,1,17900,1193.333,17907,1193.8,Player 1584,,0.25751,0.42489,0.31569,0.42323
Home,RECOVERY,INTERCEPTION,1,17907,1193.8,17907,1193.8,Player 1472,,0.31569,0.42323,0.31569,0.42323
Home,PASS,,1,17937,1195.8,17951,1196.733,Player 1472,Player 1473,0.30076,0.44779,0.32408,0.54811
Home,PASS,,1,18003,1200.2,18016,1201.067,Player 1473,Player 1304,0.36695,0.48973,0.26968,0.3378
Home,PASS,,1,18118,1207.867,18129,1208.6,Player 1304,Player 1472,0.44238,0.35638,0.41056,0.55094
Home,PASS,,1,18194,1212.933,18197,1213.133,Player 1472,Player 1473,0.10901,0.4135,0.13229,0.4311
Home,PASS,,1,18219,1214.6,18237,1215.8,Player 1473,Player 1294,0.20707,0.45927,0.49667,0.39579
Home,PASS,LONG BALL,1,18238,1215.867,18254,1216.933,Player 1294,Player 1678,0.51809,0.39056,0.86095,0.3069
Home,BALL LOST,INTERCEPTION,1,18260,1217.333,18334,1222.267,Player 1678,,0.84683,0.30767,0.91861,0.57203
Away,RECOVERY,INTERCEPTION,1,18334,1222.267,18334,1222.267,Player 1295,,0.91861,0.57203,0.91861,0.57203
Away,PASS,,1,18517,1234.467,18574,1238.267,Player 1295,Player 1382,0.83397,0.45897,0.67225,0.65216
Away,PASS,,1,18578,1238.533,18586,1239.067,Player 1382,Player 1708,0.66119,0.63434,0.69726,0.93232
Away,PASS,,1,18591,1239.4,18673,1244.867,Player 1703,Player 1708,0.70064,0.97427,0.70929,0.9448
Away,PASS,,1,18700,1246.667,18793,1252.867,Player 1708,Player 1709,0.7099,0.8905,0.50084,0.95694
Away,BALL LOST,OUT,1,18795,1253.0,18795,1253.0,Player 1709,,0.4817,0.95803,0.45772,1.01556
Home,SET PIECE,,1,18981,1265.4,18981,1265.4,Player 1711,,0.43673,0.94891,0.43673,0.94891
Home,BALL LOST,OUT,1,18982,1265.467,18982,1265.467,Player 1711,,0.43668,0.94864,0.4478,1.02354
Home,SET PIECE,THROW IN,1,19121,1274.733,19121,1274.733,Player 1778,,0.4478,1.02354,0.4478,1.02354
Home,BALL LOST,OUT,1,19130,1275.333,19130,1275.333,Player 1778,,0.44787,1.02707,0.41478,1.06024
Away,SET PIECE,KICK OFF,1,19220,1281.333,19220,1281.333,Player 1584,,0.48513,0.46746,0.48513,0.46746
Away,PASS,,1,19221,1281.4,19228,1281.867,Player 1584,Player 1686,0.4906,0.46476,0.52788,0.45224
Away,BALL LOST,INTERCEPTION,1,19232,1282.133,19247,1283.133,Player 1686,,0.57213,0.44083,0.73804,0.39802
Home,RECOVERY,INTERCEPTION,1,19247,1283.133,19247,1283.133,Player 1678,,0.73804,0.39802,0.73804,0.39802
Home,BALL LOST,INTERCEPTION,1,19255,1283.667,19269,1284.6,Player 1678,,0.72048,0.38994,0.55182,0.14896
Away,RECOVERY,INTERCEPTION,1,19269,1284.6,19269,1284.6,Player 1624,,0.55182,0.14896,0.55182,0.14896
Away,PASS,,1,19292,1286.133,19322,1288.133,Player 1624,Player 730,0.53214,0.16391,0.67768,0.51847
Away,BALL LOST,,1,19340,1289.333,19341,1289.4,Player 730,,0.69156,0.56973,0.69504,0.57929
Home,RECOVERY,,1,19341,1289.4,19341,1289.4,Player 1845,,0.69504,0.57929,0.69504,0.57929
Home,BALL LOST,INTERCEPTION,1,19353,1290.2,19363,1290.867,Player 1845,,0.70581,0.66114,0.65742,0.67209
Away,RECOVERY,INTERCEPTION,1,19363,1290.867,19363,1290.867,Player 1382,,0.65742,0.67209,0.65742,0.67209
Away,BALL LOST,INTERCEPTION,1,19379,1291.933,19437,1295.8,Player 1382,,0.7383,0.61984,0.82411,0.41109
Home,RECOVERY,INTERCEPTION,1,19437,1295.8,19437,1295.8,Player 1334,,0.82411,0.41109,0.82411,0.41109
Away,PASS,,1,19691,1312.733,19694,1312.933,Player 1639,Player 1210,0.5,0.57223,0.5,0.61797
Away,BALL LOST,INTERCEPTION,1,19705,1313.667,19711,1314.067,Player 1210,,0.5,0.66029,0.35907,0.59227
Home,RECOVERY,INTERCEPTION,1,19711,1314.067,19711,1314.067,Player 1473,,0.35907,0.59227,0.35907,0.59227
Home,PASS,,1,19740,1316.0,19748,1316.533,Player 1473,Player 1858,0.38904,0.65756,0.43658,0.64044
Home,PASS,,1,19775,1318.333,19801,1320.067,Player 1858,Player 1746,0.48768,0.61299,0.41419,0.45744
Home,PASS,LONG BALL,1,19860,1324.0,19875,1325.0,Player 1746,Player 1858,0.29537,0.33359,0.66669,0.35162
Home,PASS,,1,19876,1325.067,19879,1325.267,Player 1858,Player 1678,0.69144,0.35282,0.76571,0.35643
Away,PASS,,1,19903,1326.867,19907,1327.133,Player 1295,Player 1624,0.73656,0.37332,0.70656,0.38653
Away,PASS,,1,19908,1327.2,19922,1328.133,Player 1624,Player 1660,0.69906,0.38983,0.71398,0.47289
Away,PASS,,1,19925,1328.333,19983,1332.2,Player 1660,Player 1920,0.6828,0.49849,0.87512,0.51622
Away,PASS,,1,20008,1333.867,20013,1334.2,Player 1920,Player 730,0.88014,0.53704,0.86463,0.6044
Away,PASS,,1,20014,1334.267,20019,1334.6,Player 730,Player 1639,0.85995,0.63756,0.83657,0.80339
Away,BALL LOST,INTERCEPTION,1,20021,1334.733,20035,1335.667,Player 1639,,0.83851,0.7645,0.81743,0.59136
Home,RECOVERY,INTERCEPTION,1,20035,1335.667,20035,1335.667,Player 1919,,0.81743,0.59136,0.81743,0.59136
Home,PASS,,1,20107,1340.467,20166,1344.4,Player 1922,Player 1691,0.7803,0.65858,0.81491,0.8473
Home,PASS,,1,20167,1344.467,20171,1344.733,Player 1691,Player 1936,0.80601,0.81381,0.77038,0.67982
Home,BALL LOST,INTERCEPTION,1,20172,1344.8,20177,1345.133,Player 1936,,0.76148,0.64632,0.74169,0.57943
Away,RECOVERY,INTERCEPTION,1,20177,1345.133,20177,1345.133,Player 1892,,0.74169,0.57943,0.74169,0.57943
Away,PASS,,1,20180,1345.333,20186,1345.733,Player 1892,Player 1382,0.73927,0.58031,0.82023,0.5094
Away,PASS,,1,20188,1345.867,20191,1346.067,Player 1382,Player 730,0.81875,0.51014,0.81257,0.59987
Away,BALL LOST,OUT,1,20229,1348.6,20229,1348.6,Player 1892,,0.77993,0.6192,1.00939,0.12377
Away,SET PIECE,,1,20319,1354.6,20319,1354.6,Player 1892,,0.79107,0.63929,0.79107,0.63929
Away,BALL LOST,,1,20389,1359.267,20390,1359.333,Player 1892,,0.78275,0.62429,0.78287,0.62403
Home,RECOVERY,,1,20390,1359.333,20390,1359.333,Player 1472,,0.78287,0.62403,0.78287,0.62403
Home,BALL LOST,,1,20421,1361.4,20422,1361.467,Player 1472,,0.79101,0.62373,0.79109,0.62364
Away,RECOVERY,,1,20422,1361.467,20422,1361.467,Player 1892,,0.79109,0.62364,0.79109,0.62364
Away,PASS,,1,20534,1368.933,20535,1369.0,Player 1686,Player 1639,0.81761,0.67551,0.81703,0.6378
Away,BALL LOST,,1,20536,1369.067,20538,1369.2,Player 1639,,0.81646,0.60008,0.8153,0.52464
Home,RECOVERY,,1,20538,1369.2,20538,1369.2,Player 1845,,0.8153,0.52464,0.8153,0.52464
Home,PASS,,1,20573,1371.533,20581,1372.067,Player 1845,Player 1622,0.76538,0.38663,0.72697,0.40206
Away,PASS,,1,20603,1373.533,20615,1374.333,Player 1639,Player 1295,0.82116,0.44445,0.91615,0.79249
Away,PASS,LONG BALL,1,20626,1375.067,20656,1377.067,Player 1295,Player 1382,0.92436,0.78861,0.70371,0.38474
Away,BALL LOST,,1,20666,1377.733,20667,1377.8,Player 1382,,0.71794,0.37866,0.71937,0.37806
Home,RECOVERY,,1,20667,1377.8,20667,1377.8,Player 1977,,0.71937,0.37806,0.71937,0.37806
Home,PASS,,1,20694,1379.6,20769,1384.6,Player 1977,Player 1678,0.75578,0.37215,0.9306,0.62723
Home,BALL LOST,INTERCEPTION,1,20772,1384.8,20782,1385.467,Player 1678,,0.93521,0.63011,0.86868,0.47717
Away,RECOVERY,INTERCEPTION,1,20782,1385.467,20782,1385.467,Player 1981,,0.86868,0.47717,0.86868,0.47717
Home,PASS,,1,20791,1386.067,20879,1391.933,Player 1678,Player 1977,0.80568,0.41503,0.74002,0.38429
Home,BALL LOST,INTERCEPTION,1,20883,1392.2,20894,1392.933,Player 1977,,0.72792,0.36249,0.67457,0.37685
Away,RECOVERY,INTERCEPTION,1,20894,1392.933,20894,1392.933,Player 1639,,0.67457,0.37685,0.67457,0.37685
Away,PASS,,1,20901,1393.4,20916,1394.4,Player 1639,Player 1981,0.69665,0.39947,0.81766,0.4765
Away,PASS,,1,20918,1394.533,21004,1400.267,Player 1981,Player 1660,0.82896,0.48599,0.81866,0.30096
Away,BALL LOST,INTERCEPTION,1,21005,1400.333,21031,1402.067,Player 1660,,0.80441,0.32633,0.70182,0.5515
Home,RECOVERY,INTERCEPTION,1,21031,1402.067,21031,1402.067,Player 1936,,0.70182,0.5515,0.70182,0.5515
Home,BALL LOST,,1,21040,1402.667,21042,1402.8,Player 1936,,0.72044,0.56791,0.76667,0.56934
Away,RECOVERY,,1,21042,1402.8,21042,1402.8,Player 1382,,0.76667,0.56934,0.76667,0.56934
Away,PASS,,1,21046,1403.067,21048,1403.2,Player 1382,Player 1981,0.80826,0.5977,0.8324,0.58658
Away,BALL LOST,,1,21050,1403.333,21051,1403.4,Player 1981,,0.86924,0.56349,0.88766,0.55195
Home,RECOVERY,,1,21051,1403.4,21051,1403.4,Player 1977,,0.88766,0.55195,0.88766,0.55195
Home,BALL LOST,,1,21082,1405.467,21083,1405.533,Player 1977,,0.90904,0.54071,0.90901,0.54076
Away,RECOVERY,,1,21083,1405.533,21083,1405.533,Player 1986,,0.90901,0.54076,0.90901,0.54076
Away,PASS,,1,21093,1406.2,21135,1409.0,Player 1986,Player 1904,0.91787,0.51258,0.81265,0.21518
Home,PASS,,1,21139,1409.267,21140,1409.333,Player 1685,Player 1936,0.78687,0.28217,0.80037,0.31244
Home,PASS,,1,21141,1409.4,21331,1422.067,Player 1936,Player 2043,0.81387,0.34271,0.69496,0.3293
Home,PASS,,1,21334,1422.267,21373,1424.867,Player 2043,Player 1919,0.67984,0.32533,0.52943,0.35199
Home,BALL LOST,INTERCEPTION,1,21405,1427.0,21410,1427.333,Player 1919,,0.57809,0.32901,0.59812,0.30509
Away,RECOVERY,INTERCEPTION,1,21410,1427.333,21410,1427.333,Player 2066,,0.59812,0.30509,0.59812,0.30509
Away,BALL LOST,INTERCEPTION,1,21436,1429.067,21447,1429.8,Player 2066,,0.57457,0.42741,0.52165,0.57617
Home,RECOVERY,INTERCEPTION,1,21447,1429.8,21447,1429.8,Player 1938,,0.52165,0.57617,0.52165,0.57617
Home,PASS,,1,21472,1431.467,21474,1431.6,Player 1938,Player 1622,0.54967,0.63795,0.5971,0.62426
Home,PASS,,1,21475,1431.667,21487,1432.467,Player 1622,Player 1678,0.62082,0.61741,0.90544,0.53526
Home,BALL LOST,,1,21991,1466.067,21992,1466.133,Player 1977,,0.90845,0.5225,0.90788,0.52156
Away,RECOVERY,,1,21992,1466.133,21992,1466.133,Player 2054,,0.90788,0.52156,0.90788,0.52156
Away,CHALLENGE,AERIAL-LOST,1,21999,1466.6,22055,1470.333,Player 2054,,0.90007,0.52297,0.88762,0.53157
Home,CHALLENGE,AERIAL-WON,1,21999,1466.6,22055,1470.333,Player 1977,,0.90007,0.52297,0.88762,0.53157
Home,PASS,,1,22095,1473.0,22106,1473.733,Player 1622,Player 2099,0.87448,0.5359,0.80044,0.34635
Home,PASS,,1,22112,1474.133,22122,1474.8,Player 2099,Player 1938,0.79852,0.3259,0.83148,0.26946
Home,PASS,,1,22130,1475.333,22132,1475.467,Player 1938,Player 1691,0.84539,0.25565,0.81288,0.2922
Home,BALL LOST,INTERCEPTION,1,22133,1475.533,22138,1475.867,Player 1691,,0.81156,0.29374,0.84983,0.25099
Away,RECOVERY,INTERCEPTION,1,22138,1475.867,22138,1475.867,Player 1584,,0.84983,0.25099,0.84983,0.25099
Away,PASS,,1,22148,1476.533,22150,1476.667,Player 1639,Player 2083,0.86067,0.24815,0.84808,0.28063
Away,PASS,,1,22189,1479.267,22191,1479.4,Player 2083,Player 2120,0.87355,0.26,0.87319,0.22547
Away,BALL LOST,INTERCEPTION,1,22244,1482.933,22276,1485.067,Player 2105,,0.87659,0.257,0.87657,0.25671
Home,RECOVERY,INTERCEPTION,1,22276,1485.067,22276,1485.067,Player 1678,,0.87657,0.25671,0.87657,0.25671
Home,BALL LOST,INTERCEPTION,1,22316,1487.733,22471,1498.067,Player 1678,,0.87302,0.22564,0.52752,0.5615
Away,RECOVERY,INTERCEPTION,1,22471,1498.067,22471,1498.067,Player 2066,,0.52752,0.5615,0.52752,0.5615
Away,BALL LOST,INTERCEPTION,1,22485,1499.0,22504,1500.267,Player 2066,,0.54917,0.57601,0.839,0.50595
Home,RECOVERY,INTERCEPTION,1,22504,1500.267,22504,1500.267,Player 1678,,0.839,0.50595,0.839,0.50595
Home,PASS,,1,22760,1517.333,22770,1518.0,Player 1678,Player 1691,0.82198,0.52018,0.72358,0.85789
Home,PASS,,1,22771,1518.067,22830,1522.0,Player 1691,Player 1678,0.71375,0.89166,0.83318,0.49484
Away,PASS,LONG BALL,1,23257,1550.467,23276,1551.733,Player 1660,Player 2176,0.64299,0.85048,0.19979,0.61484
Away,PASS,LONG BALL,1,23293,1552.867,23373,1558.2,Player 2176,Player 2105,0.17833,0.60779,0.74999,0.68826
Away,PASS,,1,23424,1561.6,23444,1562.933,Player 2105,Player 2234,0.69041,0.80989,0.53069,0.89424
Away,PASS,,1,23447,1563.133,23451,1563.4,Player 2234,Player 2103,0.51982,0.89431,0.51719,0.85578
Away,PASS,,1,23464,1564.267,23479,1565.267,Player 2206,Player 2066,0.51169,0.77763,0.50425,0.66613
Home,PASS,,1,23498,1566.533,23500,1566.667,Player 2194,Player 2162,0.37553,0.63831,0.34315,0.60303
Home,BALL LOST,INTERCEPTION,1,23502,1566.8,23508,1567.2,Player 2162,,0.29855,0.59098,0.16474,0.55481
Away,RECOVERY,INTERCEPTION,1,23508,1567.2,23508,1567.2,Player 2176,,0.16474,0.55481,0.16474,0.55481
Away,BALL LOST,INTERCEPTION,1,23516,1567.733,23591,1572.733,Player 2176,,0.14702,0.52777,0.12337,0.42708
Home,RECOVERY,INTERCEPTION,1,23591,1572.733,23591,1572.733,Player 1946,,0.12337,0.42708,0.12337,0.42708
Home,PASS,,1,23886,1592.4,23949,1596.6,Player 1946,Player 2194,0.09603,0.53467,0.11695,0.32889
Home,PASS,,1,23957,1597.133,24035,1602.333,Player 2194,Player 2251,0.1345,0.35744,0.24046,0.57091
Home,BALL LOST,INTERCEPTION,1,24037,1602.467,24245,1616.333,Player 2251,,0.24781,0.60337,0.17436,0.56223
Away,RECOVERY,INTERCEPTION,1,24245,1616.333,24245,1616.333,Player 2269,,0.17436,0.56223,0.17436,0.56223
Away,PASS,LONG BALL,1,24282,1618.8,24322,1621.467,Player 2269,Player 1904,0.17474,0.53627,0.60907,0.28594
Away,BALL LOST,OUT,1,24335,1622.333,24335,1622.333,Player 1904,,0.56103,0.24367,0.18887,-0.00499
Away,SET PIECE,,1,24422,1628.133,24422,1628.133,Player 2296,,0.23912,0.15417,0.23912,0.15417
Home,PASS,,1,24460,1630.667,24466,1631.067,Player 2251,Player 1938,0.16735,0.45471,0.19815,0.5796
Home,PASS,,1,24469,1631.267,24474,1631.6,Player 1938,Player 2251,0.2028,0.5872,0.17087,0.49312
Home,PASS,,1,24475,1631.667,24476,1631.733,Player 2251,Player 2194,0.15233,0.46785,0.13378,0.44259
Home,BALL LOST,INTERCEPTION,1,24477,1631.8,24623,1641.533,Player 2194,,0.11524,0.41732,0.18708,0.48237
Away,RECOVERY,INTERCEPTION,1,24623,1641.533,24623,1641.533,Player 2269,,0.18708,0.48237,0.18708,0.48237
Home,BALL LOST,INTERCEPTION,1,24698,1646.533,24706,1647.067,Player 2254,,0.23806,0.38034,0.15308,0.31397
Away,RECOVERY,INTERCEPTION,1,24706,1647.067,24706,1647.067,Player 2269,,0.15308,0.31397,0.15308,0.31397
Away,PASS,,1,24712,1647.467,24752,1650.133,Player 2269,Player 2315,0.15333,0.31514,0.17309,0.33227
Away,PASS,,1,24753,1650.2,24756,1650.4,Player 2315,Player 2252,0.19151,0.3422,0.24677,0.37201
Away,BALL LOST,,1,24757,1650.467,24758,1650.533,Player 2252,,0.25015,0.37532,0.25354,0.37863
Home,RECOVERY,,1,24758,1650.533,24758,1650.533,Player 2300,,0.25354,0.37863,0.25354,0.37863
Home,BALL LOST,INTERCEPTION,1,24767,1651.133,24771,1651.4,Player 2295,,0.28291,0.4073,0.30059,0.42454
Away,RECOVERY,INTERCEPTION,1,24771,1651.4,24771,1651.4,Player 2105,,0.30059,0.42454,0.30059,0.42454
Away,PASS,,1,24828,1655.2,24856,1657.067,Player 2107,Player 2103,0.52398,0.63637,0.63181,0.70076
Away,PASS,LONG BALL,1,24858,1657.2,24876,1658.4,Player 2103,Player 2288,0.62556,0.72139,0.3075,0.51771
Away,PASS,,1,24880,1658.667,24909,1660.6,Player 2288,Player 2269,0.30746,0.52027,0.23766,0.62409
Away,PASS,,1,24968,1664.533,25114,1674.267,Player 2269,Player 2234,0.18747,0.54751,0.15867,0.4854
Away,SHOT,OFF TARGET,1,25119,1674.6,25829,1721.933,Player 2234,,0.1434,0.4821,0.28994,-0.00224
Home,SET PIECE,,1,25829,1721.933,25829,1721.933,Player 2194,,0.30272,0.06694,0.30272,0.06694
Home,PASS,,1,25830,1722.0,25846,1723.067,Player 2194,Player 2265,0.30912,0.10153,0.33868,0.36353
Home,BALL LOST,INTERCEPTION,1,25909,1727.267,26009,1733.933,Player 2265,,0.1201,0.62781,0.1185,0.40772
Away,RECOVERY,INTERCEPTION,1,26009,1733.933,26009,1733.933,Player 2269,,0.1185,0.40772,0.1185,0.40772
Away,PASS,,1,26025,1735.0,26164,1744.267,Player 2269,Player 2396,0.14047,0.42692,0.13055,0.48325
Away,BALL LOST,INTERCEPTION,1,26265,1751.0,26271,1751.4,Player 2396,,0.19566,0.5932,0.22381,0.64795
Home,RECOVERY,INTERCEPTION,1,26271,1751.4,26271,1751.4,Player 2265,,0.22381,0.64795,0.22381,0.64795
Home,PASS,,1,26301,1753.4,26324,1754.933,Player 2265,Player 2353,0.28208,0.68174,0.25774,0.37729
Home,BALL LOST,INTERCEPTION,1,26325,1755.0,26334,1755.6,Player 2353,,0.25831,0.3749,0.20038,0.5467
Away,RECOVERY,INTERCEPTION,1,26334,1755.6,26334,1755.6,Player 2396,,0.20038,0.5467,0.20038,0.5467
Away,BALL LOST,INTERCEPTION,1,26506,1767.067,26509,1767.267,Player 2396,,0.2131,0.64135,0.24856,0.72387
Home,RECOVERY,INTERCEPTION,1,26509,1767.267,26509,1767.267,Player 2265,,0.24856,0.72387,0.24856,0.72387
Home,PASS,,1,26522,1768.133,26852,1790.133,Player 2265,Player 1691,0.22304,0.65105,0.15758,0.34089
Home,PASS,,1,26875,1791.667,26891,1792.733,Player 1691,Player 2426,0.16176,0.34137,0.1914,0.30469
Home,PASS,LONG BALL,1,26905,1793.667,27012,1800.8,Player 2265,Player 1691,0.15888,0.33871,0.56915,0.75335
Home,PASS,,1,27047,1803.133,27055,1803.667,Player 1691,Player 2295,0.64245,0.80681,0.67822,0.9002
Home,BALL LOST,OUT,1,27093,1806.2,27093,1806.2,Player 1691,,0.70116,0.99384,0.71341,1.03781
Home,SET PIECE,THROW IN,1,27095,1806.333,27095,1806.333,Player 2295,,0.71341,1.03781,0.71341,1.03781
Home,PASS,,1,27110,1807.333,27123,1808.2,Player 2295,Player 2382,0.69496,0.96481,0.72381,0.79456
Away,PASS,,1,27130,1808.667,27177,1811.8,Player 2341,Player 2419,0.78626,0.68271,0.82366,0.67457
Home,BALL LOST,INTERCEPTION,1,27208,1813.867,27231,1815.4,Player 1691,,0.71667,0.74569,0.64695,0.86237
Away,RECOVERY,INTERCEPTION,1,27231,1815.4,27231,1815.4,Player 2105,,0.64695,0.86237,0.64695,0.86237
Away,BALL LOST,,1,27270,1818.0,27271,1818.067,Player 2105,,0.5,0.72491,0.5,0.72754
Home,RECOVERY,,1,27271,1818.067,27271,1818.067,Player 2265,,0.5,0.72754,0.5,0.72754
Home,PASS,,1,27275,1818.333,27283,1818.867,Player 2265,Player 2458,0.5,0.73686,0.55439,0.4524
Home,PASS,,1,27285,1819.0,27289,1819.267,Player 2458,Player 2382,0.56604,0.42999,0.58543,0.48258
Home,PASS,,1,27294,1819.6,27302,1820.133,Player 2382,Player 2433,0.59383,0.54687,0.55146,0.75316
Home,PASS,,1,27304,1820.267,27316,1821.067,Player 2433,Player 2382,0.55858,0.77405,0.70751,0.71531
Home,PASS,,1,27330,1822.0,27331,1822.067,Player 2433,Player 2295,0.43822,0.76217,0.41655,0.76615
Home,PASS,,1,27333,1822.2,27340,1822.667,Player 2295,Player 2474,0.3714,0.77856,0.28108,0.80866
Home,PASS,,1,27341,1822.733,27348,1823.2,Player 2474,Player 2265,0.27495,0.7981,0.26216,0.76697
Home,PASS,,1,27362,1824.133,27368,1824.533,Player 2265,Player 2433,0.27608,0.7213,0.31534,0.69204
Home,PASS,,1,27370,1824.667,27374,1824.933,Player 2433,Player 2353,0.32061,0.68619,0.23799,0.60639
Home,PASS,,1,27422,1828.133,27424,1828.267,Player 2353,Player 2433,0.27226,0.63302,0.31665,0.66438
Home,PASS,,1,27441,1829.4,27484,1832.267,Player 2433,Player 2483,0.29536,0.59722,0.42971,0.43993
Home,PASS,,1,27485,1832.333,27493,1832.867,Player 2483,Player 2265,0.42952,0.43967,0.4846,0.64107
Home,BALL LOST,INTERCEPTION,1,27497,1833.133,27507,1833.8,Player 2265,,0.53295,0.674,0.61571,0.70021
Away,RECOVERY,INTERCEPTION,1,27507,1833.8,27507,1833.8,Player 2320,,0.61571,0.70021,0.61571,0.70021
Away,PASS,,1,27547,1836.467,27554,1836.933,Player 2320,Player 2332,0.52801,0.60067,0.54227,0.4733
Away,PASS,,1,27556,1837.067,27617,1841.133,Player 2332,Player 2396,0.53401,0.44831,0.55073,0.19772
Away,BALL LOST,INTERCEPTION,1,27623,1841.533,27821,1854.733,Player 2396,,0.6027,0.22345,0.82389,0.37539
Home,RECOVERY,INTERCEPTION,1,27821,1854.733,27821,1854.733,Player 2483,,0.82389,0.37539,0.82389,0.37539
Home,BALL LOST,INTERCEPTION,1,27837,1855.8,28049,1869.933,Player 2483,,0.83249,0.37516,0.76656,0.33268
Away,RECOVERY,INTERCEPTION,1,28049,1869.933,28049,1869.933,Player 2296,,0.76656,0.33268,0.76656,0.33268
Away,PASS,,1,28119,1874.6,28205,1880.333,Player 2296,Player 2486,0.82302,0.34948,0.79811,0.50189
Away,PASS,,1,28274,1884.933,28280,1885.333,Player 2486,Player 2504,0.60193,0.74141,0.59003,0.77444
Away,PASS,,1,28314,1887.6,28320,1888.0,Player 2504,Player 2486,0.6024,0.77891,0.64364,0.75154
Away,PASS,,1,28357,1890.467,28358,1890.533,Player 2486,Player 2500,0.52109,0.5719,0.5,0.55444
Away,PASS,LONG BALL,1,28395,1893.0,28410,1894.0,Player 2500,Player 2527,0.5,0.54689,0.15762,0.3325
Away,PASS,LONG BALL,1,28583,1905.533,28618,1907.867,Player 2527,Player 2460,0.19321,0.559,0.72877,0.59861
Away,PASS,,1,28665,1911.0,28672,1911.467,Player 2460,Player 2500,0.63879,0.58121,0.54343,0.528
Away,PASS,LONG BALL,1,28673,1911.533,28687,1912.467,Player 2500,Player 2527,0.51967,0.53011,0.18706,0.55967
Away,SHOT,OFF TARGET,1,28993,1932.867,29377,1958.467,Player 2527,,0.09648,0.51402,0.41917,0.73246
Home,PASS,LONG BALL,1,29383,1958.867,29489,1965.933,Player 1691,Player 2433,0.37581,0.60084,0.15702,0.0085
Home,BALL LOST,OUT,1,29491,1966.067,29491,1966.067,Player 2433,,0.15672,0.00851,0.14916,-0.00447
Home,SET PIECE,THROW IN,1,29505,1967.0,29505,1967.0,Player 2433,,0.15121,0.00578,0.15121,0.00578
Home,PASS,LONG BALL,1,29510,1967.333,29548,1969.867,Player 2433,Player 2562,0.16147,0.05703,0.5,0.92526
Home,PASS,,1,29581,1972.067,29591,1972.733,Player 2562,Player 2477,0.42238,0.85106,0.39247,0.75147
Home,PASS,LONG BALL,1,29649,1976.6,29692,1979.467,Player 2477,Player 2571,0.4057,0.71686,0.82524,0.44859
Home,PASS,LONG BALL,1,29693,1979.533,29714,1980.933,Player 2571,Player 2477,0.80224,0.4632,0.31927,0.77
Home,BALL LOST,,1,29730,1982.0,29731,1982.067,Player 2477,,0.372,0.77739,0.37807,0.77977
Away,RECOVERY,,1,29731,1982.067,29731,1982.067,Player 2396,,0.37807,0.77977,0.37807,0.77977
Away,BALL LOST,OUT,1,29744,1982.933,29744,1982.933,Player 2396,,0.43815,0.78179,1.09618,0.24224
Home,SET PIECE,,1,29854,1990.267,29854,1990.267,Player 1691,,0.55318,0.89223,0.55318,0.89223
Home,PASS,,1,29855,1990.333,29865,1991.0,Player 1691,Player 2477,0.55369,0.89211,0.3275,0.99484
Home,BALL LOST,INTERCEPTION,1,29920,1994.667,29950,1996.667,Player 2477,,0.32856,0.9435,0.19091,0.7191
Away,RECOVERY,INTERCEPTION,1,29950,1996.667,29950,1996.667,Player 2584,,0.19091,0.7191,0.19091,0.7191
Away,PASS,,1,29980,1998.667,30016,2001.067,Player 2584,Player 2592,0.20664,0.60073,0.17133,0.38009
Away,BALL LOST,INTERCEPTION,1,30018,2001.2,30027,2001.8,Player 2592,,0.17101,0.3801,0.38547,0.37422
Home,RECOVERY,INTERCEPTION,1,30027,2001.8,30027,2001.8,Player 2353,,0.38547,0.37422,0.38547,0.37422
Home,PASS,LONG BALL,1,30095,2006.333,30192,2012.8,Player 2353,Player 2571,0.37781,0.24731,0.90768,0.3293
Away,PASS,,1,30383,2025.533,30384,2025.6,Player 2296,Player 2500,0.74256,0.2959,0.76213,0.31445
Away,BALL LOST,,1,30385,2025.667,30386,2025.733,Player 2500,,0.78169,0.333,0.80126,0.35154
Home,RECOVERY,,1,30386,2025.733,30386,2025.733,Player 2571,,0.80126,0.35154,0.80126,0.35154
Away,PASS,,1,30421,2028.067,30423,2028.2,Player 2500,Player 2460,0.69683,0.29907,0.65567,0.27945
Away,PASS,,1,30455,2030.333,30462,2030.8,Player 2595,Player 2296,0.6237,0.26646,0.53866,0.10026
Away,BALL LOST,OUT,1,30478,2031.867,30478,2031.867,Player 2296,,0.50913,-0.03061,0.50565,-0.00692
Away,SET PIECE,,1,30729,2048.6,30729,2048.6,Player 2613,,0.05256,0.47233,0.05256,0.47233
Away,PASS,,1,30734,2048.933,31021,2068.067,Player 2613,Player 2396,0.04723,0.45289,0.11869,0.80126
Away,PASS,,1,31028,2068.533,31031,2068.733,Player 2396,Player 2616,0.13782,0.86176,0.19021,0.92847
Away,BALL LOST,OUT,1,31032,2068.8,31032,2068.8,Player 2616,,0.20768,0.95071,0.26439,1.01247
Away,SET PIECE,THROW IN,1,31081,2072.067,31081,2072.067,Player 2595,,0.40486,0.97917,0.40486,0.97917
Away,BALL LOST,OUT,1,31113,2074.2,31113,2074.2,Player 2595,,0.37289,1.04148,0.36679,1.03193
Home,SET PIECE,THROW IN,1,31114,2074.267,31114,2074.267,Player 2627,,0.36679,1.03193,0.36679,1.03193
Home,PASS,,1,31118,2074.533,31123,2074.867,Player 2627,Player 2628,0.3424,0.99371,0.3097,0.93679
Away,BALL LOST,INTERCEPTION,1,31140,2076.0,31250,2083.333,Player 2553,,0.28257,0.81966,0.23728,0.9042
Home,RECOVERY,INTERCEPTION,1,31250,2083.333,31250,2083.333,Player 2628,,0.23728,0.9042,0.23728,0.9042
Home,BALL LOST,OUT,1,31268,2084.533,31268,2084.533,Player 2628,,0.24008,0.95534,0.39434,1.01984
Home,SET PIECE,THROW IN,1,31651,2110.067,31651,2110.067,Player 2628,,0.37751,0.96692,0.37751,0.96692
Home,PASS,,1,31652,2110.133,31803,2120.2,Player 2628,Player 2353,0.36215,0.93896,0.40497,0.80063
Home,BALL LOST,,1,31804,2120.267,31806,2120.4,Player 2353,,0.42362,0.81523,0.46093,0.84441
Away,RECOVERY,,1,31806,2120.4,31806,2120.4,Player 2553,,0.46093,0.84441,0.46093,0.84441
Away,PASS,,1,31871,2124.733,31874,2124.933,Player 2419,Player 2553,0.5,0.79244,0.5,0.8855
Away,PASS,,1,31876,2125.067,31946,2129.733,Player 2553,Player 2616,0.47837,0.90493,0.48401,0.77846
Away,BALL LOST,INTERCEPTION,1,31950,2130.0,31964,2130.933,Player 2616,,0.5,0.7979,0.30914,0.34136
Home,RECOVERY,INTERCEPTION,1,31964,2130.933,31964,2130.933,Player 1691,,0.30914,0.34136,0.30914,0.34136
Home,PASS,,1,32016,2134.4,32029,2135.267,Player 1691,Player 2606,0.2899,0.22936,0.40143,0.2399
Home,PASS,,1,32054,2136.933,32064,2137.6,Player 2606,Player 2562,0.33982,0.2268,0.2413,0.25913
Home,BALL LOST,INTERCEPTION,1,32089,2139.267,32098,2139.867,Player 2562,,0.25252,0.3085,0.27992,0.38243
Away,RECOVERY,INTERCEPTION,1,32098,2139.867,32098,2139.867,Player 2553,,0.27992,0.38243,0.27992,0.38243
Away,BALL LOST,,1,32185,2145.667,32187,2145.8,Player 2553,,0.68683,0.71683,0.65861,0.66788
Home,RECOVERY,,1,32187,2145.8,32187,2145.8,Player 2635,,0.65861,0.66788,0.65861,0.66788
Home,BALL LOST,INTERCEPTION,1,32200,2146.667,32206,2147.067,Player 2635,,0.6908,0.60418,0.83817,0.5815
Away,RECOVERY,INTERCEPTION,1,32206,2147.067,32206,2147.067,Player 2296,,0.83817,0.5815,0.83817,0.5815
Away,PASS,,1,32225,2148.333,32230,2148.667,Player 2296,Player 2694,0.90637,0.55561,0.8339,0.66041
Away,PASS,,1,32231,2148.733,32233,2148.867,Player 2694,Player 2595,0.81941,0.68137,0.79043,0.72328
Away,PASS,,1,32236,2149.067,32241,2149.4,Player 2595,Player 2700,0.78252,0.71387,0.80049,0.64463
Away,PASS,,1,32242,2149.467,32260,2150.667,Player 2700,Player 2296,0.80324,0.63156,0.66437,0.35346
Away,BALL LOST,OUT,1,32326,2155.067,32326,2155.067,Player 2712,,0.61855,0.37715,0.42365,-0.01211
Home,SET PIECE,,1,32534,2168.933,32534,2168.933,Player 2606,,0.52423,0.1407,0.52423,0.1407
Home,BALL LOST,OUT,1,32539,2169.267,32539,2169.267,Player 2606,,0.51872,0.15141,0.48458,-0.05847
Home,SET PIECE,THROW IN,1,32589,2172.6,32589,2172.6,Player 2606,,0.48458,-0.05847,0.48458,-0.05847
Home,BALL LOST,OUT,1,32590,2172.667,32590,2172.667,Player 2606,,0.48001,-0.02164,0.65945,-0.03141
Away,SET PIECE,,1,32983,2198.867,32983,2198.867,Player 2700,,0.60242,0.18637,0.60242,0.18637
Away,BALL LOST,OUT,1,32990,2199.333,32990,2199.333,Player 2700,,0.6025,0.18664,0.65654,-0.0303
Away,SET PIECE,,1,33002,2200.133,33002,2200.133,Player 2712,,0.63907,0.04196,0.63907,0.04196
Away,PASS,,1,33003,2200.2,33005,2200.333,Player 2712,Player 2700,0.63034,0.07809,0.61287,0.15035
Away,BALL LOST,INTERCEPTION,1,33046,2203.067,33075,2205.0,Player 2700,,0.64532,0.29646,0.70078,0.6042
Home,RECOVERY,INTERCEPTION,1,33075,2205.0,33075,2205.0,Player 2719,,0.70078,0.6042,0.70078,0.6042
Home,BALL LOST,INTERCEPTION,1,33083,2205.533,33088,2205.867,Player 2719,,0.7408,0.57177,0.77478,0.55227
Away,RECOVERY,INTERCEPTION,1,33088,2205.867,33088,2205.867,Player 2396,,0.77478,0.55227,0.77478,0.55227
Away,BALL LOST,OUT,1,33095,2206.333,33095,2206.333,Player 2396,,0.80405,0.54533,1.01676,0.37656
Away,SET PIECE,,1,33181,2212.067,33181,2212.067,Player 2713,,0.76924,0.32534,0.76924,0.32534
Away,BALL LOST,INTERCEPTION,1,33183,2212.2,33226,2215.067,Player 2713,,0.76476,0.32979,0.51645,0.29362
Home,RECOVERY,INTERCEPTION,1,33226,2215.067,33226,2215.067,Player 2754,,0.51645,0.29362,0.51645,0.29362
Away,PASS,LONG BALL,1,33250,2216.667,33298,2219.867,Player 2749,Player 2726,0.62951,0.26433,0.91975,0.75351
Away,BALL LOST,OUT,1,33310,2220.667,33310,2220.667,Player 2726,,1.02177,0.77457,1.00987,0.74997
Home,SET PIECE,,1,33328,2221.867,33328,2221.867,Player 2743,,0.80757,0.33179,0.80757,0.33179
Home,BALL LOST,,1,33336,2222.4,33338,2222.533,Player 2743,,0.80821,0.32247,0.84244,0.26721
Away,RECOVERY,,1,33338,2222.533,33338,2222.533,Player 2553,,0.84244,0.26721,0.84244,0.26721
Away,PASS,,1,33341,2222.733,33384,2225.6,Player 2553,Player 2419,0.84751,0.25397,0.88689,0.57477
Away,PASS,,1,33396,2226.4,33656,2243.733,Player 2419,Player 2553,0.90156,0.58083,0.885,0.54252
Away,PASS,,1,33658,2243.867,33679,2245.267,Player 2553,Player 2726,0.86895,0.56517,0.83584,0.86721
Away,PASS,LONG BALL,1,33690,2246.0,33870,2258.0,Player 2726,Player 2801,0.81618,0.63457,0.13571,0.47171
Away,PASS,,1,34082,2272.133,34086,2272.4,Player 2801,Player 2815,0.25449,0.29747,0.22384,0.3761
Away,SHOT,OFF TARGET,1,34238,2282.533,34953,2330.2,Player 2815,,0.17123,0.4052,-0.00761,0.36028
Home,SET PIECE,,1,34953,2330.2,34953,2330.2,Player 2742,,0.21277,0.63471,0.21277,0.63471
Home,PASS,,1,34958,2330.533,34959,2330.6,Player 2742,Player 2719,0.2293,0.60628,0.24581,0.57754
Home,BALL LOST,OUT,1,34960,2330.667,34960,2330.667,Player 2719,,0.26232,0.5488,0.60941,-0.01727
Away,SET PIECE,,1,35066,2337.733,35066,2337.733,Player 2824,,0.61594,0.10823,0.61594,0.10823
Away,PASS,CROSS,1,35070,2338.0,35551,2370.067,Player 2824,Player 2901,0.62513,0.10691,0.02618,0.46157
Away,PASS,LONG BALL,1,35554,2370.267,35648,2376.533,Player 2901,Player 2879,0.02627,0.46181,0.47681,0.09979
Away,PASS,,1,35660,2377.333,35671,2378.067,Player 2879,Player 2947,0.4923,0.1176,0.52814,0.34234
Away,PASS,LONG BALL,1,35675,2378.333,35719,2381.267,Player 2947,Player 2931,0.53983,0.34301,0.30019,0.0438
Away,BALL LOST,INTERCEPTION,1,35724,2381.6,35773,2384.867,Player 2931,,0.30522,0.01396,0.38248,0.35481
Home,RECOVERY,INTERCEPTION,1,35773,2384.867,35773,2384.867,Player 2826,,0.38248,0.35481,0.38248,0.35481
Home,PASS,LONG BALL,1,36067,2404.467,36114,2407.6,Player 2826,Player 2752,0.13748,0.43836,0.63778,0.29707
Home,BALL LOST,INTERCEPTION,1,36127,2408.467,36195,2413.0,Player 2752,,0.73808,0.1563,0.78563,0.37674
Away,RECOVERY,INTERCEPTION,1,36195,2413.0,36195,2413.0,Player 2862,,0.78563,0.37674,0.78563,0.37674
Away,BALL LOST,OUT,1,36208,2413.867,36208,2413.867,Player 2862,,0.78378,0.37422,1.00706,0.30104
Home,SET PIECE,,1,36787,2452.467,36787,2452.467,Player 2732,,0.45585,0.13333,0.45585,0.13333
Away,BALL LOST,,1,36990,2466.0,36991,2466.067,Player 3061,,0.83345,0.47305,0.85316,0.495
Home,RECOVERY,,1,36991,2466.067,36991,2466.067,Player 3075,,0.85316,0.495,0.85316,0.495
Home,PASS,,1,37049,2469.933,37063,2470.867,Player 3019,Player 2979,0.75484,0.39399,0.59754,0.39011
Home,PASS,,1,37065,2471.0,37076,2471.733,Player 2979,Player 3101,0.61488,0.36153,0.71024,0.20436
Home,BALL LOST,INTERCEPTION,1,37088,2472.533,37101,2473.4,Player 3101,,0.76218,0.11426,0.71762,0.01633
Away,RECOVERY,INTERCEPTION,1,37101,2473.4,37101,2473.4,Player 3097,,0.71762,0.01633,0.71762,0.01633
Away,PASS,LONG BALL,1,37128,2475.2,37143,2476.2,Player 3097,Player 3082,0.47051,0.1338,0.22279,0.49933
Away,BALL LOST,INTERCEPTION,1,37247,2483.133,37287,2485.8,Player 3082,,0.18647,0.56224,0.60187,0.52406
Home,RECOVERY,INTERCEPTION,1,37287,2485.8,37287,2485.8,Player 3057,,0.60187,0.52406,0.60187,0.52406
Home,BALL LOST,INTERCEPTION,1,37302,2486.8,37313,2487.533,Player 3057,,0.59908,0.59494,0.64316,0.64694
Away,RECOVERY,INTERCEPTION,1,37313,2487.533,37313,2487.533,Player 3113,,0.64316,0.64694,0.64316,0.64694
Away,BALL LOST,OUT,1,37339,2489.267,37339,2489.267,Player 3113,,0.60729,0.76957,0.54546,1.09284
Away,SET PIECE,THROW IN,1,37358,2490.533,37358,2490.533,Player 3062,,0.54546,1.09284,0.54546,1.09284
Away,BALL LOST,OUT,1,37359,2490.6,37359,2490.6,Player 3062,,0.54288,1.09993,0.48949,1.01963
Away,SET PIECE,,1,37381,2492.067,37381,2492.067,Player 3082,,0.15136,0.5111,0.15136,0.5111
Away,PASS,,1,37493,2499.533,37647,2509.8,Player 3082,Player 3126,0.18674,0.55379,0.16,0.44548
Away,CHALLENGE,AERIAL-LOST,1,37672,2511.467,37815,2521.0,Player 3126,,0.16105,0.44086,0.13664,0.31727
Home,CHALLENGE,AERIAL-WON,1,37672,2511.467,37815,2521.0,Player 2797,,0.16105,0.44086,0.13664,0.31727
Home,PASS,LONG BALL,1,37825,2521.667,37871,2524.733,Player 2979,Player 3137,0.13696,0.32217,0.48893,0.8574
Home,PASS,LONG BALL,1,37873,2524.867,37911,2527.4,Player 3137,Player 3054,0.48154,0.82935,0.34223,0.40193
Home,PASS,LONG BALL,1,38037,2535.8,38064,2537.6,Player 3054,Player 3147,0.27363,0.22457,0.93316,0.35517
Home,BALL LOST,OUT,1,38345,2556.333,38345,2556.333,Player 3147,,0.93234,0.34053,1.0216,0.80744
Home,SET PIECE,GOAL KICK,1,38462,2564.133,38462,2564.133,Player 3147,,1.0216,0.80744,1.0216,0.80744
Home,BALL LOST,OUT,1,38470,2564.667,38470,2564.667,Player 3147,,1.03004,0.81487,1.01258,0.79649
Home,SET PIECE,KICK OFF,1,38496,2566.4,38496,2566.4,Player 3177,,0.50475,0.51298,0.50475,0.51298
Home,BALL LOST,INTERCEPTION,1,38501,2566.733,38506,2567.067,Player 3177,,0.46533,0.51807,0.46959,0.55141
Away,RECOVERY,INTERCEPTION,1,38506,2567.067,38506,2567.067,Player 3166,,0.46959,0.55141,0.46959,0.55141
Away,PASS,,1,38525,2568.333,38536,2569.067,Player 3166,Player 3062,0.4571,0.71451,0.45371,0.88335
Home,PASS,,1,38573,2571.533,38581,2572.067,Player 2896,Player 3181,0.25862,0.84795,0.17426,0.56874
Home,SHOT,SAVED,1,38582,2572.133,38810,2587.333,Player 3181,,0.16372,0.53383,0.08353,0.43009
Away,BALL LOST,INTERCEPTION,1,39215,2614.333,39293,2619.533,Player 3238,,0.10922,0.38756,0.16421,0.31089
Home,RECOVERY,INTERCEPTION,1,39293,2619.533,39293,2619.533,Player 3201,,0.16421,0.31089,0.16421,0.31089
Home,PASS,,1,39305,2620.333,39322,2621.467,Player 3201,Player 3171,0.19495,0.30663,0.22517,0.40784
Home,BALL LOST,INTERCEPTION,1,39330,2622.0,39339,2622.6,Player 3171,,0.19923,0.39833,0.21328,0.4622
Away,RECOVERY,INTERCEPTION,1,39339,2622.6,39339,2622.6,Player 3126,,0.21328,0.4622,0.21328,0.4622
Away,PASS,,1,39377,2625.133,39528,2635.2,Player 3126,Player 3220,0.19634,0.67431,0.2308,0.67946
Away,BALL LOST,INTERCEPTION,1,39533,2635.533,39615,2641.0,Player 3220,,0.21294,0.63719,0.24812,0.74253
Home,RECOVERY,INTERCEPTION,1,39615,2641.0,39615,2641.0,Player 3214,,0.24812,0.74253,0.24812,0.74253
Home,PASS,,1,39700,2646.667,39851,2656.733,Player 3214,Player 3180,0.25388,0.7435,0.24914,0.67583
Home,PASS,,1,39853,2656.867,39854,2656.933,Player 3180,Player 3291,0.27538,0.64129,0.28144,0.60414
Home,BALL LOST,INTERCEPTION,1,39855,2657.0,39889,2659.267,Player 3291,,0.2875,0.56699,0.35692,0.1217
Away,RECOVERY,INTERCEPTION,1,39889,2659.267,39889,2659.267,Player 3217,,0.35692,0.1217,0.35692,0.1217
Home,BALL LOST,INTERCEPTION,1,40658,2710.533,40661,2710.733,Player 3311,,0.81764,0.39423,0.79898,0.43092
Away,RECOVERY,INTERCEPTION,1,40661,2710.733,40661,2710.733,Player 3245,,0.79898,0.43092,0.79898,0.43092
Away,PASS,LONG BALL,1,40752,2716.8,40767,2717.8,Player 3245,Player 3380,0.60642,0.71203,0.24664,0.57708
Away,PASS,LONG BALL,1,40916,2727.733,41192,2746.133,Player 3380,Player 3412,0.223,0.57388,0.53507,0.9957
Away,BALL LOST,OUT,1,41199,2746.6,41199,2746.6,Player 3412,,0.53614,0.98147,0.57011,1.0136
Away,SET PIECE,,1,41281,2752.067,41281,2752.067,Player 3237,,0.14502,0.56887,0.14502,0.56887
Home,PASS,,1,41312,2754.133,41313,2754.2,Player 2826,Player 3271,0.37456,0.86908,0.39261,0.89341
Home,PASS,,1,41326,2755.067,41329,2755.267,Player 3271,Player 2826,0.43045,0.95057,0.44946,0.90756
Away,PASS,,1,41395,2759.667,41401,2760.067,Player 3245,Player 3345,0.49704,0.65436,0.51909,0.67829
Away,BALL LOST,,1,41423,2761.533,41424,2761.6,Player 3062,,0.5,0.6304,0.5,0.63298
Home,RECOVERY,,1,41424,2761.6,41424,2761.6,Player 3465,,0.5,0.63298,0.5,0.63298
Home,PASS,,1,41435,2762.333,41438,2762.533,Player 3465,Player 2826,0.5,0.66053,0.5,0.69966
Home,BALL LOST,INTERCEPTION,1,41439,2762.6,41446,2763.067,Player 2826,,0.5,0.70171,0.44647,0.61299
Away,RECOVERY,INTERCEPTION,1,41446,2763.067,41446,2763.067,Player 3274,,0.44647,0.61299,0.44647,0.61299
Home,PASS,,1,41940,2796.0,41958,2797.2,Player 3442,Player 3183,0.4676,0.57154,0.27332,0.3563
Home,PASS,,1,41964,2797.6,41981,2798.733,Player 3183,Player 3332,0.26419,0.32351,0.12083,0.29111
Home,BALL LOST,INTERCEPTION,1,42000,2800.0,42051,2803.4,Player 3332,,0.09483,0.2626,0.15862,0.32857
Away,RECOVERY,INTERCEPTION,1,42051,2803.4,42051,2803.4,Player 3506,,0.15862,0.32857,0.15862,0.32857
Away,BALL LOST,INTERCEPTION,1,42078,2805.2,42087,2805.8,Player 3506,,0.20134,0.64177,0.2614,0.82119
Home,RECOVERY,INTERCEPTION,1,42087,2805.8,42087,2805.8,Player 3442,,0.2614,0.82119,0.2614,0.82119
Home,BALL LOST,OUT,1,42218,2814.533,42218,2814.533,Player 3465,,0.5,0.69693,1.17208,0.17273
Home,SET PIECE,GOAL KICK,1,42556,2837.067,42556,2837.067,Player 3407,,1.17208,0.17273,1.17208,0.17273
Home,BALL LOST,OUT,1,42558,2837.2,42558,2837.2,Player 3407,,1.15978,0.17419,1.00889,0.23054
Home,SET PIECE,,1,42623,2841.533,42623,2841.533,Player 3407,,0.87515,0.36028,0.87515,0.36028
Home,BALL LOST,INTERCEPTION,1,42938,2862.533,42948,2863.2,Player 3271,,0.50709,0.3875,0.52941,0.47078
Away,RECOVERY,INTERCEPTION,1,42948,2863.2,42948,2863.2,Player 3673,,0.52941,0.47078,0.52941,0.47078
Away,BALL LOST,INTERCEPTION,1,42955,2863.667,42987,2865.8,Player 3673,,0.53232,0.5399,0.15359,0.55214
Home,RECOVERY,INTERCEPTION,1,42987,2865.8,42987,2865.8,Player 3685,,0.15359,0.55214,0.15359,0.55214
Home,PASS,LONG BALL,1,43025,2868.333,43070,2871.333,Player 3685,Player 3653,0.16305,0.56464,0.63456,0.65195
Away,PASS,,1,43168,2877.867,43188,2879.2,Player 3707,Player 3699,0.68574,0.85892,0.77782,0.52519
Away,BALL LOST,INTERCEPTION,1,43305,2887.0,43416,2894.4,Player 3699,,0.72382,0.39941,0.77687,0.4434
Home,RECOVERY,INTERCEPTION,1,43416,2894.4,43416,2894.4,Player 3653,,0.77687,0.4434,0.77687,0.4434
Home,BALL LOST,,1,43479,2898.6,43480,2898.667,Player 3653,,0.67602,0.44453,0.67368,0.4442
Away,RECOVERY,,1,43480,2898.667,43480,2898.667,Player 3673,,0.67368,0.4442,0.67368,0.4442
Away,PASS,,1,43511,2900.733,43517,2901.133,Player 3673,Player 3654,0.64496,0.4001,0.6294,0.29069
Away,PASS,,1,43521,2901.4,43525,2901.667,Player 3654,Player 3673,0.63682,0.31742,0.65215,0.40027
Away,BALL LOST,INTERCEPTION,1,43564,2904.267,43653,2910.2,Player 3673,,0.64789,0.4429,0.64399,0.43216
Home,RECOVERY,INTERCEPTION,1,43653,2910.2,43653,2910.2,Player 3653,,0.64399,0.43216,0.64399,0.43216
Home,PASS,LONG BALL,1,43684,2912.267,43755,2917.0,Player 3653,Player 2826,0.67832,0.41209,0.45382,0.87053
Home,PASS,LONG BALL,1,43797,2919.8,43936,2929.067,Player 2826,Player 3653,0.22194,0.93847,0.7598,0.76779
Away,PASS,,1,44035,2935.667,44038,2935.867,Player 3062,Player 3654,0.77143,0.89555,0.72565,0.89082
Away,PASS,,1,44049,2936.6,44141,2942.733,Player 3651,Player 3062,0.67681,0.89653,0.70467,0.90161
Away,PASS,LONG BALL,1,44233,2948.867,44256,2950.4,Player 3062,Player 3699,0.71826,0.93477,0.82332,0.42803
Away,PASS,LONG BALL,1,44265,2951.0,44282,2952.133,Player 3699,Player 3274,0.86628,0.45184,0.52046,0.83544
Away,PASS,,1,44307,2953.8,44314,2954.267,Player 3274,Player 3854,0.58057,0.76519,0.59941,0.70167
Home,PASS,,1,44352,2956.8,44364,2957.6,Player 3870,Player 3568,0.70441,0.81027,0.79192,0.97967
Home,BALL LOST,OUT,1,44365,2957.667,44365,2957.667,Player 3568,,0.79545,0.98896,0.87352,1.00438
Home,SET PIECE,,1,44391,2959.4,44391,2959.4,Player 3870,,0.83403,0.7801,0.83403,0.7801
Home,PASS,,1,44392,2959.467,44396,2959.733,Player 3870,Player 3568,0.83388,0.80575,0.83324,0.90834
Home,PASS,,1,44397,2959.8,44419,2961.267,Player 3568,Player 3870,0.83025,0.89586,0.82402,0.75543
Home,PASS,,1,44420,2961.333,44449,2963.267,Player 3870,Player 3653,0.83186,0.72174,0.81384,0.59253
Home,PASS,,1,44451,2963.4,44533,2968.867,Player 3653,Player 3684,0.77833,0.60645,0.66018,0.36254
Home,PASS,,1,44535,2969.0,44555,2970.333,Player 3684,Player 3743,0.65655,0.36249,0.61017,0.36613
Home,PASS,LONG BALL,1,44558,2970.533,44605,2973.667,Player 3743,Player 3904,0.6078,0.36683,0.85734,0.82199
Home,PASS,,1,44612,2974.133,44676,2978.4,Player 3904,Player 3684,0.8627,0.82201,0.77641,0.40756
Home,BALL LOST,INTERCEPTION,1,44680,2978.667,44700,2980.0,Player 3684,,0.77838,0.40709,0.77867,0.40786
Away,RECOVERY,INTERCEPTION,1,44700,2980.0,44700,2980.0,Player 3801,,0.77867,0.40786,0.77867,0.40786
Away,BALL LOST,,1,44775,2985.0,44776,2985.067,Player 3673,,0.76378,0.38532,0.75594,0.37456
Home,RECOVERY,,1,44776,2985.067,44776,2985.067,Player 3684,,0.75594,0.37456,0.75594,0.37456
Home,PASS,,1,44785,2985.667,44814,2987.6,Player 3684,Player 3940,0.7537,0.35896,0.69808,0.15637
Home,PASS,,1,44909,2993.933,44925,2995.0,Player 3653,Player 2826,0.76615,0.52102,0.51566,0.6652
Home,PASS,LONG BALL,1,44926,2995.067,44963,2997.533,Player 2826,Player 3951,0.5,0.67421,0.20428,0.48903
Home,PASS,,1,45240,3016.0,45266,3017.733,Player 3951,Player 3684,0.16679,0.39031,0.23761,0.35498
Home,BALL LOST,,1,45280,3018.667,45281,3018.733,Player 3911,,0.23911,0.33084,0.22014,0.31674
Away,RECOVERY,,1,45281,3018.733,45281,3018.733,Player 3964,,0.22014,0.31674,0.22014,0.31674
Home,PASS,,1,45303,3020.2,45316,3021.067,Player 3981,Player 3993,0.25411,0.34505,0.28494,0.37696
Home,PASS,,1,45385,3025.667,45435,3029.0,Player 3653,Player 3951,0.33452,0.48941,0.21823,0.70554
Home,PASS,LONG BALL,1,45438,3029.2,45551,3036.733,Player 3951,Player 2826,0.20814,0.70387,0.10678,0.24421
Away,BALL LOST,INTERCEPTION,1,45567,3037.8,45622,3041.467,Player 3274,,0.09054,0.21557,0.46696,0.816
Home,RECOVERY,INTERCEPTION,1,45622,3041.467,45622,3041.467,Player 4016,,0.46696,0.816,0.46696,0.816
Home,BALL LOST,INTERCEPTION,1,45628,3041.867,45636,3042.4,Player 4016,,0.51022,0.80787,0.54402,0.80523
Away,RECOVERY,INTERCEPTION,1,45636,3042.4,45636,3042.4,Player 3854,,0.54402,0.80523,0.54402,0.80523
Away,PASS,,1,45640,3042.667,45648,3043.2,Player 3854,Player 4043,0.54973,0.81052,0.54422,0.90089
Home,PASS,,1,45672,3044.8,45674,3044.933,Player 4016,Player 3870,0.54639,0.87366,0.55207,0.81447
Home,BALL LOST,,1,45685,3045.667,45687,3045.8,Player 3870,,0.54952,0.86044,0.54637,0.87303
Away,RECOVERY,,1,45687,3045.8,45687,3045.8,Player 4047,,0.54637,0.87303,0.54637,0.87303
Away,PASS,,1,45705,3047.0,45711,3047.4,Player 4047,Player 3274,0.51772,0.89411,0.49091,0.88011
Away,PASS,,1,45728,3048.533,45731,3048.733,Player 3274,Player 3778,0.44926,0.79699,0.43148,0.7856
Away,PASS,,1,45762,3050.8,45769,3051.267,Player 4082,Player 3308,0.5,0.65777,0.5655,0.54551
Away,PASS,,1,45774,3051.6,45808,3053.867,Player 3308,Player 3984,0.48897,0.47133,0.56473,0.14844
Away,BALL LOST,INTERCEPTION,1,45830,3055.333,45856,3057.067,Player 3984,,0.49572,0.12389,0.46128,0.17148
Home,RECOVERY,INTERCEPTION,1,45856,3057.067,45856,3057.067,Player 4102,,0.46128,0.17148,0.46128,0.17148
Home,BALL LOST,,1,45864,3057.6,45865,3057.667,Player 4102,,0.43647,0.14649,0.43337,0.14337
Away,RECOVERY,,1,45865,3057.667,45865,3057.667,Player 4081,,0.43337,0.14337,0.43337,0.14337
Away,BALL LOST,OUT,1,45883,3058.867,45883,3058.867,Player 4081,,0.44257,-0.0059,0.44257,-0.0059
Away,SET PIECE,,1,46248,3083.2,46248,3083.2,Player 4043,,0.17285,0.54065,0.17285,0.54065
Away,PASS,,1,46303,3086.867,46320,3088.0,Player 4043,Player 3274,0.09524,0.55216,0.12438,0.38903
Away,BALL LOST,,1,46341,3089.4,46343,3089.533,Player 3274,,0.1197,0.37084,0.11876,0.36676
Home,RECOVERY,,1,46343,3089.533,46343,3089.533,Player 4144,,0.11876,0.36676,0.11876,0.36676
Home,PASS,LONG BALL,1,46370,3091.333,46385,3092.333,Player 4144,Player 4040,0.14676,0.39072,0.34168,0.8569
Home,PASS,LONG BALL,1,46408,3093.867,46432,3095.467,Player 4040,Player 3653,0.40286,0.86381,0.81455,0.90267
Home,BALL LOST,OUT,1,46445,3096.333,46445,3096.333,Player 3653,,0.96886,1.05037,0.92809,1.01423
Away,SET PIECE,,1,46492,3099.467,46492,3099.467,Player 4206,,0.8106,0.58403,0.8106,0.58403
Away,BALL LOST,INTERCEPTION,1,46529,3101.933,46551,3103.4,Player 4206,,0.8171,0.62593,0.72005,0.83369
Home,RECOVERY,INTERCEPTION,1,46551,3103.4,46551,3103.4,Player 3653,,0.72005,0.83369,0.72005,0.83369
Home,PASS,,1,46603,3106.867,46616,3107.733,Player 3653,Player 3735,0.51951,0.91121,0.40054,0.9618
Home,BALL LOST,OUT,1,46630,3108.667,46630,3108.667,Player 3735,,0.36159,0.96005,0.39582,1.05831
Home,SET PIECE,THROW IN,1,46633,3108.867,46633,3108.867,Player 4016,,0.39582,1.05831,0.39582,1.05831
Home,BALL LOST,OUT,1,46644,3109.6,46644,3109.6,Player 4016,,0.38569,1.02567,0.38302,1.0047
Home,SET PIECE,,1,46659,3110.6,46659,3110.6,Player 4006,,0.42652,0.91757,0.42652,0.91757
Home,PASS,CROSS,1,46673,3111.533,46767,3117.8,Player 4006,Player 3951,0.3934,0.95483,0.13841,0.47981
Home,PASS,,1,46801,3120.067,46813,3120.867,Player 3951,Player 4147,0.17197,0.53235,0.44924,0.53196
Home,PASS,,1,46815,3121.0,46824,3121.6,Player 4147,Player 3951,0.42397,0.53541,0.20646,0.5579
Away,PASS,,1,46918,3127.867,46919,3127.933,Player 4219,Player 3274,0.4321,0.63625,0.45608,0.64
Away,BALL LOST,,1,46925,3128.333,46927,3128.467,Player 3274,,0.4821,0.68251,0.47473,0.70744
Home,RECOVERY,,1,46927,3128.467,46927,3128.467,Player 4144,,0.47473,0.70744,0.47473,0.70744
Home,BALL LOST,,1,46935,3129.0,46936,3129.067,Player 4144,,0.45217,0.73159,0.44985,0.73363
Away,RECOVERY,,1,46936,3129.067,46936,3129.067,Player 4028,,0.44985,0.73363,0.44985,0.73363
Away,BALL LOST,INTERCEPTION,1,46945,3129.667,46950,3130.0,Player 4028,,0.42654,0.75956,0.45556,0.91754
Home,RECOVERY,INTERCEPTION,1,46950,3130.0,46950,3130.0,Player 3653,,0.45556,0.91754,0.45556,0.91754
Home,BALL LOST,INTERCEPTION,1,46958,3130.533,46993,3132.867,Player 3653,,0.40574,0.9628,0.14583,0.50064
Away,RECOVERY,INTERCEPTION,1,46993,3132.867,46993,3132.867,Player 3308,,0.14583,0.50064,0.14583,0.50064
Home,PASS,,1,47024,3134.933,47031,3135.4,Player 4040,Player 4228,0.08074,0.54313,0.11488,0.68804
Home,BALL LOST,OUT,1,47033,3135.533,47033,3135.533,Player 4228,,0.13031,0.74391,0.26039,1.02887
Away,SET PIECE,THROW IN,1,47049,3136.6,47049,3136.6,Player 4241,,0.26039,1.02887,0.26039,1.02887
Away,BALL LOST,OUT,1,47056,3137.067,47056,3137.067,Player 4241,,0.26222,1.03957,0.24664,1.01278
Home,SET PIECE,,1,47065,3137.667,47065,3137.667,Player 4228,,0.12197,0.79843,0.12197,0.79843
Home,PASS,,1,47066,3137.733,47311,3154.067,Player 4228,Player 4016,0.10638,0.77163,0.25034,0.96549
Home,PASS,,1,47341,3156.067,47346,3156.4,Player 4016,Player 4228,0.25997,0.98099,0.23417,0.95483
Home,PASS,CROSS,1,47347,3156.467,47726,3181.733,Player 4228,Player 3951,0.23067,0.95133,0.13697,0.473
Home,PASS,LONG BALL,1,48180,3212.0,48261,3217.4,Player 3951,Player 3735,0.11071,0.4916,0.66246,0.8975
Away,PASS,,1,48281,3218.733,48460,3230.667,Player 4316,Player 4309,0.81506,0.46927,0.81805,0.67687
Away,PASS,,1,48473,3231.533,48484,3232.267,Player 4309,Player 4336,0.83031,0.6606,0.79064,0.925
Away,PASS,,1,48491,3232.733,48512,3234.133,Player 4336,Player 3673,0.77529,0.9491,0.69719,0.87451
Away,PASS,,1,48516,3234.4,48519,3234.6,Player 4338,Player 4290,0.66667,0.90419,0.60889,0.91353
Away,PASS,,1,48520,3234.667,48542,3236.133,Player 4290,Player 3274,0.60461,0.91396,0.5221,0.94989
Away,PASS,,1,48570,3238.0,48602,3240.133,Player 3274,Player 4205,0.48995,0.90389,0.38188,0.58123
Away,BALL LOST,OUT,1,48622,3241.467,48622,3241.467,Player 4205,,0.40811,0.4328,0.38939,-0.0154
Away,SET PIECE,,1,48647,3243.133,48647,3243.133,Player 3778,,0.31824,0.1382,0.31824,0.1382
Away,PASS,,1,48649,3243.267,48652,3243.467,Player 3778,Player 3308,0.29453,0.1894,0.25895,0.2662
Home,PASS,,1,48776,3251.733,48784,3252.267,Player 3993,Player 4366,0.70448,0.32916,0.56423,0.16723
Home,PASS,,1,48785,3252.333,48835,3255.667,Player 4366,Player 3993,0.54425,0.14409,0.61365,0.26097
Away,BALL LOST,INTERCEPTION,1,48888,3259.2,48905,3260.333,Player 3673,,0.60492,0.32057,0.59853,0.31839
Home,RECOVERY,INTERCEPTION,1,48905,3260.333,48905,3260.333,Player 4016,,0.59853,0.31839,0.59853,0.31839
Home,BALL LOST,INTERCEPTION,1,48921,3261.4,48947,3263.133,Player 4016,,0.60036,0.31896,0.60095,0.3194
Away,RECOVERY,INTERCEPTION,1,48947,3263.133,48947,3263.133,Player 4081,,0.60095,0.3194,0.60095,0.3194
Away,BALL LOST,,1,48980,3265.333,48981,3265.4,Player 4081,,0.66137,0.32183,0.6639,0.32214
Home,RECOVERY,,1,48981,3265.4,48981,3265.4,Player 4147,,0.6639,0.32214,0.6639,0.32214
Away,PASS,,1,49004,3266.933,49062,3270.8,Player 4338,Player 4381,0.73706,0.43053,0.89251,0.60106
Away,BALL LOST,INTERCEPTION,1,49076,3271.733,49105,3273.667,Player 4381,,0.78346,0.36687,0.35099,0.24497
Home,RECOVERY,INTERCEPTION,1,49105,3273.667,49105,3273.667,Player 4366,,0.35099,0.24497,0.35099,0.24497
Home,BALL LOST,INTERCEPTION,1,49111,3274.067,49159,3277.267,Player 4366,,0.35904,0.25108,0.74883,0.91051
Away,RECOVERY,INTERCEPTION,1,49159,3277.267,49159,3277.267,Player 4028,,0.74883,0.91051,0.74883,0.91051
Away,BALL LOST,INTERCEPTION,1,49200,3280.0,49204,3280.267,Player 4028,,0.71613,0.93975,0.76699,0.82148
Home,RECOVERY,INTERCEPTION,1,49204,3280.267,49204,3280.267,Player 4363,,0.76699,0.82148,0.76699,0.82148
Home,PASS,,1,49233,3282.2,49247,3283.133,Player 4363,Player 4301,0.83237,0.76441,0.65558,0.82327
Home,PASS,,1,49260,3284.0,49262,3284.133,Player 4301,Player 4073,0.61582,0.80313,0.6032,0.83479
Home,BALL LOST,,1,49266,3284.4,49268,3284.533,Player 4073,,0.57796,0.89812,0.56534,0.92979
Away,RECOVERY,,1,49268,3284.533,49268,3284.533,Player 4028,,0.56534,0.92979,0.56534,0.92979
Away,PASS,,1,49275,3285.0,49297,3286.467,Player 4390,Player 4290,0.5617,0.98564,0.66801,0.91283
Away,PASS,,1,49316,3287.733,49318,3287.867,Player 4398,Player 4394,0.6837,0.9361,0.72744,0.93593
Away,PASS,,1,49326,3288.4,49346,3289.733,Player 4394,Player 3673,0.72441,0.92407,0.68307,0.73381
Away,BALL LOST,,1,49367,3291.133,49368,3291.2,Player 3673,,0.71213,0.72667,0.71937,0.7336
Home,RECOVERY,,1,49368,3291.2,49368,3291.2,Player 4073,,0.71937,0.7336,0.71937,0.7336
Home,BALL LOST,,1,49374,3291.6,49375,3291.667,Player 4073,,0.78052,0.73549,0.78274,0.73158
Away,RECOVERY,,1,49375,3291.667,49375,3291.667,Player 4309,,0.78274,0.73158,0.78274,0.73158
Away,PASS,,1,49383,3292.2,49386,3292.4,Player 4398,Player 4405,0.79797,0.779,0.77508,0.85207
Away,PASS,,1,49552,3303.467,49606,3307.067,Player 4426,Player 4398,0.79004,0.85663,0.9287,0.76137
Away,PASS,,1,49607,3307.133,49621,3308.067,Player 4398,Player 4309,0.93073,0.73159,0.8485,0.55631
Away,PASS,,1,49646,3309.733,49652,3310.133,Player 4309,Player 4444,0.83078,0.50203,0.79631,0.72676
Away,PASS,,1,49675,3311.667,49848,3323.2,Player 4444,Player 4474,0.82829,0.77027,0.80843,0.6623
Away,PASS,,1,49857,3323.8,49940,3329.333,Player 4474,Player 4444,0.80928,0.64067,0.81239,0.83907
Home,PASS,,1,50076,3338.4,50095,3339.667,Player 3684,Player 4440,0.81602,0.48259,0.76567,0.3491
Home,PASS,,1,50113,3340.867,50129,3341.933,Player 4440,Player 4497,0.72396,0.3227,0.73472,0.38444
Home,PASS,,1,50176,3345.067,50178,3345.2,Player 4497,Player 3684,0.78524,0.57623,0.76615,0.6462
Home,PASS,,1,50190,3346.0,50236,3349.067,Player 4497,Player 3684,0.80311,0.63002,0.65728,0.76067
Home,PASS,,1,50297,3353.133,50301,3353.4,Player 4497,Player 3653,0.49079,0.88306,0.47474,0.91883
Away,PASS,LONG BALL,1,50305,3353.667,50496,3366.4,Player 4290,Player 4401,0.46005,0.97209,0.19205,0.21679
Away,PASS,,1,50505,3367.0,50513,3367.533,Player 4401,Player 3274,0.18338,0.13974,0.17449,0.44198
Away,BALL LOST,INTERCEPTION,1,50514,3367.6,50537,3369.133,Player 3274,,0.17338,0.47976,0.17419,0.50971
Home,RECOVERY,INTERCEPTION,1,50537,3369.133,50537,3369.133,Player 4301,,0.17419,0.50971,0.17419,0.50971
Home,BALL LOST,INTERCEPTION,1,50553,3370.2,50559,3370.6,Player 4301,,0.24053,0.67793,0.24018,0.67876
Away,RECOVERY,INTERCEPTION,1,50559,3370.6,50559,3370.6,Player 4540,,0.24018,0.67876,0.24018,0.67876
Away,PASS,,1,50583,3372.2,50598,3373.2,Player 4540,Player 3308,0.24404,0.66158,0.25518,0.28308
Away,PASS,,1,50605,3373.667,50614,3374.267,Player 3308,Player 4540,0.2595,0.32022,0.22984,0.65775
Away,SHOT,SAVED,1,50624,3374.933,50765,3384.333,Player 4540,,0.22532,0.67317,0.20942,0.41076
Away,PASS,,1,50785,3385.667,50790,3386.0,Player 4540,Player 4290,0.36993,0.63032,0.40852,0.70739
Away,PASS,,1,50829,3388.6,50837,3389.133,Player 4290,Player 4473,0.44486,0.8192,0.50689,0.86404
Away,PASS,,1,50860,3390.667,50878,3391.867,Player 4473,Player 3274,0.49691,0.83887,0.44699,0.7684
Away,BALL LOST,INTERCEPTION,1,50927,3395.133,50937,3395.8,Player 3274,,0.51007,0.65387,0.64797,0.70054
Home,RECOVERY,INTERCEPTION,1,50937,3395.8,50937,3395.8,Player 4535,,0.64797,0.70054,0.64797,0.70054
Home,PASS,,1,50941,3396.067,50948,3396.533,Player 4535,Player 4492,0.64729,0.67844,0.56115,0.60694
Home,BALL LOST,INTERCEPTION,1,50950,3396.667,50957,3397.133,Player 4492,,0.51644,0.57946,0.39099,0.50657
Away,RECOVERY,INTERCEPTION,1,50957,3397.133,50957,3397.133,Player 3274,,0.39099,0.50657,0.39099,0.50657
Away,PASS,LONG BALL,1,50970,3398.0,50986,3399.067,Player 3274,Player 3673,0.37957,0.52572,0.64388,0.84239
Away,PASS,,1,50987,3399.133,50993,3399.533,Player 3673,Player 4473,0.66258,0.86487,0.70308,0.94319
Away,PASS,,1,51015,3401.0,51292,3419.467,Player 4473,Player 4592,0.76357,0.95497,0.92233,0.86471
Away,PASS,,1,51380,3425.333,51384,3425.6,Player 4579,Player 4592,0.98261,0.88174,0.95361,0.88629
Away,PASS,LONG BALL,1,51385,3425.667,51436,3429.067,Player 4592,Player 4587,0.94637,0.88743,0.69918,0.38897
Away,BALL LOST,INTERCEPTION,1,51482,3432.133,51720,3448.0,Player 4587,,0.69934,0.38936,0.70388,0.37471
Home,RECOVERY,INTERCEPTION,1,51720,3448.0,51720,3448.0,Player 4440,,0.70388,0.37471,0.70388,0.37471
Home,PASS,,1,51742,3449.467,51924,3461.6,Player 4440,Player 4608,0.70362,0.3753,0.86268,0.16807
Home,PASS,,1,51925,3461.667,51928,3461.867,Player 4608,Player 4574,0.85337,0.15274,0.77935,0.16244
Home,PASS,LONG BALL,1,51929,3461.933,51980,3465.333,Player 4574,Player 4633,0.75467,0.16567,0.28512,0.39158
Home,BALL LOST,INTERCEPTION,1,52012,3467.467,52036,3469.067,Player 4633,,0.39657,0.554,0.63367,0.93127
Away,RECOVERY,INTERCEPTION,1,52036,3469.067,52036,3469.067,Player 4290,,0.63367,0.93127,0.63367,0.93127
Away,PASS,,1,52075,3471.667,52091,3472.733,Player 4290,Player 4473,0.46866,0.78797,0.58056,0.85586
Away,PASS,,1,52113,3474.2,52157,3477.133,Player 4473,Player 4290,0.62444,0.857,0.56543,0.94471
Away,PASS,,1,52176,3478.4,52222,3481.467,Player 4290,Player 4541,0.35412,0.5891,0.14292,0.32254
Home,PASS,,1,52348,3489.867,52355,3490.333,Player 4572,Player 4608,0.4668,0.25434,0.53353,0.19983
Home,PASS,,1,52403,3493.533,52404,3493.6,Player 4608,Player 4661,0.55921,0.20291,0.55522,0.23823
Home,PASS,,1,52405,3493.667,52410,3494.0,Player 4661,Player 4572,0.55124,0.27356,0.51187,0.2685
Away,PASS,,1,52414,3494.267,52473,3498.2,Player 4540,Player 4290,0.57074,0.28081,0.44589,0.70379
Away,BALL LOST,INTERCEPTION,1,52517,3501.133,52545,3503.0,Player 4290,,0.24153,0.76989,0.13529,0.61116
Home,RECOVERY,INTERCEPTION,1,52545,3503.0,52545,3503.0,Player 4690,,0.13529,0.61116,0.13529,0.61116
Home,BALL LOST,INTERCEPTION,1,52597,3506.467,52602,3506.8,Player 4690,,0.19623,0.59407,0.30186,0.67055
Away,RECOVERY,INTERCEPTION,1,52602,3506.8,52602,3506.8,Player 4580,,0.30186,0.67055,0.30186,0.67055
Away,PASS,LONG BALL,1,52643,3509.533,52701,3513.4,Player 4580,Player 4605,0.40837,0.56313,0.68089,0.06914
Away,BALL LOST,INTERCEPTION,1,52722,3514.8,52740,3516.0,Player 4605,,0.92188,0.046,0.91397,0.49188
Home,RECOVERY,INTERCEPTION,1,52740,3516.0,52740,3516.0,Player 4648,,0.91397,0.49188,0.91397,0.49188
Home,PASS,,1,52766,3517.733,52771,3518.067,Player 4648,Player 4535,0.86908,0.47193,0.8455,0.45501
Home,BALL LOST,,1,52876,3525.067,52877,3525.133,Player 4535,,0.83413,0.40949,0.83436,0.40874
Away,RECOVERY,,1,52877,3525.133,52877,3525.133,Player 4701,,0.83436,0.40874,0.83436,0.40874
Away,PASS,,1,53057,3537.133,53454,3563.6,Player 4701,Player 4702,0.81133,0.39948,0.82473,0.42667
Away,PASS,,1,53901,3593.4,53971,3598.067,Player 4697,Player 4762,0.4604,0.82065,0.47092,0.86313
Away,PASS,LONG BALL,1,53975,3598.333,54351,3623.4,Player 4762,Player 4702,0.47097,0.86304,0.97632,0.69505
Away,BALL LOST,OUT,1,54352,3623.467,54352,3623.467,Player 4702,,0.98502,0.72319,1.00001,0.78577
Away,SET PIECE,THROW IN,1,54934,3662.267,54934,3662.267,Player 4820,,0.70635,0.99594,0.70635,0.99594
Away,BALL LOST,INTERCEPTION,1,54956,3663.733,55063,3670.867,Player 4842,,0.73195,0.94598,0.5,0.5688
Home,RECOVERY,INTERCEPTION,1,55063,3670.867,55063,3670.867,Player 4928,,0.5,0.5688,0.5,0.5688
Home,PASS,LONG BALL,1,55070,3671.333,55091,3672.733,Player 4928,Player 4943,0.5,0.61093,0.19063,0.59039
Home,PASS,LONG BALL,1,55431,3695.4,55447,3696.467,Player 4943,Player 4911,0.11259,0.39663,0.5004,0.32986
Home,PASS,LONG BALL,1,55485,3699.0,55500,3700.0,Player 4911,Player 4943,0.54011,0.52287,0.21955,0.6236
Away,PASS,,1,55902,3726.8,55903,3726.867,Player 4973,Player 4958,0.4073,0.65693,0.43102,0.66871
Away,BALL LOST,,1,55943,3729.533,55944,3729.6,Player 4958,,0.746,0.86102,0.73427,0.83621
Home,RECOVERY,,1,55944,3729.6,55944,3729.6,Player 4978,,0.73427,0.83621,0.73427,0.83621
Home,PASS,,1,55955,3730.333,55958,3730.533,Player 4978,Player 4934,0.80884,0.90991,0.85555,0.88413
Home,BALL LOST,OUT,1,55964,3730.933,55964,3730.933,Player 4934,,0.91898,0.84476,0.79402,1.00034
Away,SET PIECE,,1,56074,3738.267,56074,3738.267,Player 4948,,0.76311,0.44406,0.76311,0.44406
Away,BALL LOST,INTERCEPTION,1,56075,3738.333,56079,3738.6,Player 4948,,0.78641,0.45949,0.87962,0.52117
Home,RECOVERY,INTERCEPTION,1,56079,3738.6,56079,3738.6,Player 4535,,0.87962,0.52117,0.87962,0.52117
Home,BALL LOST,INTERCEPTION,1,56095,3739.667,56149,3743.267,Player 4934,,0.88785,0.49473,0.77721,0.36499
Away,RECOVERY,INTERCEPTION,1,56149,3743.267,56149,3743.267,Player 4785,,0.77721,0.36499,0.77721,0.36499
Away,BALL LOST,OUT,1,56326,3755.067,56326,3755.067,Player 5010,,1.04117,0.52044,1.03663,0.52566
Away,SET PIECE,GOAL KICK,1,56441,3762.733,56441,3762.733,Player 5010,,0.90153,0.52166,0.90153,0.52166
Away,BALL LOST,INTERCEPTION,1,56683,3778.867,56741,3782.733,Player 5010,,0.5,0.5266,0.86814,0.50779
Home,RECOVERY,INTERCEPTION,1,56741,3782.733,56741,3782.733,Player 4965,,0.86814,0.50779,0.86814,0.50779
Away,BALL LOST,INTERCEPTION,1,56782,3785.467,56785,3785.667,Player 5063,,0.27299,0.39004,0.20628,0.37419
Home,RECOVERY,INTERCEPTION,1,56785,3785.667,56785,3785.667,Player 4965,,0.20628,0.37419,0.20628,0.37419
Home,PASS,,1,56793,3786.2,56796,3786.4,Player 4965,Player 4943,0.21847,0.37679,0.16037,0.34286
Home,BALL LOST,,1,57001,3800.067,57002,3800.133,Player 4943,,0.15978,0.33387,0.16105,0.33446
Away,RECOVERY,,1,57002,3800.133,57002,3800.133,Player 5052,,0.16105,0.33446,0.16105,0.33446
Away,PASS,,1,57018,3801.2,57048,3803.2,Player 5085,Player 4660,0.11921,0.2406,0.28008,0.43629
Away,PASS,,1,57049,3803.267,57067,3804.467,Player 4660,Player 5052,0.29353,0.46884,0.32077,0.65456
Away,PASS,,1,57092,3806.133,57101,3806.733,Player 5052,Player 4660,0.36128,0.65489,0.35721,0.59277
Away,CHALLENGE,AERIAL-LOST,1,57104,3806.933,57139,3809.267,Player 4660,,0.35367,0.57434,0.5,0.37489
Home,CHALLENGE,AERIAL-WON,1,57104,3806.933,57139,3809.267,Player 5082,,0.35367,0.57434,0.5,0.37489
Away,BALL LOST,OUT,1,57143,3809.533,57143,3809.533,Player 5106,,0.5,0.30139,0.5,-0.03322
Away,SET PIECE,THROW IN,1,57155,3810.333,57155,3810.333,Player 5052,,0.5,-0.03322,0.5,-0.03322
Away,BALL LOST,OUT,1,57156,3810.4,57156,3810.4,Player 5052,,0.5,-0.05987,0.46756,-0.00074
Away,SET PIECE,,1,57194,3812.933,57194,3812.933,Player 5052,,0.40187,0.80708,0.40187,0.80708
Away,PASS,,1,57263,3817.533,57287,3819.133,Player 4958,Player 5122,0.68005,0.9005,0.78123,0.97979
Away,PASS,,1,57291,3819.4,57298,3819.867,Player 5122,Player 4958,0.76998,0.96019,0.6833,0.85816
Away,BALL LOST,OUT,1,57302,3820.133,57302,3820.133,Player 4958,,0.68608,0.83863,0.92203,1.05367
Away,SET PIECE,THROW IN,1,57318,3821.2,57318,3821.2,Player 5122,,0.92203,1.05367,0.92203,1.05367
Away,BALL LOST,OUT,1,57321,3821.4,57321,3821.4,Player 5122,,0.91876,1.05626,0.86243,1.0111
Away,SET PIECE,,1,57354,3823.6,57354,3823.6,Player 4958,,0.82809,0.84816,0.82809,0.84816
Away,PASS,,1,57355,3823.667,57356,3823.733,Player 4958,Player 4950,0.84206,0.82306,0.84426,0.85696
Away,BALL LOST,OUT,1,57357,3823.8,57357,3823.8,Player 4950,,0.84646,0.89085,0.85527,1.02644
Away,SET PIECE,THROW IN,1,57361,3824.067,57361,3824.067,Player 5131,,0.85527,1.02644,0.85527,1.02644
Away,BALL LOST,OUT,1,57367,3824.467,57367,3824.467,Player 5131,,0.85465,1.11221,0.90882,1.03192
Away,SET PIECE,,1,57678,3845.2,57678,3845.2,Player 5145,,0.91132,0.88326,0.91132,0.88326
Away,BALL LOST,OUT,1,57695,3846.333,57695,3846.333,Player 5145,,0.95351,0.81,0.95351,0.81
Away,SET PIECE,THROW IN,1,57805,3853.667,57805,3853.667,Player 5172,,0.73798,0.98431,0.73798,0.98431
Away,BALL LOST,OUT,1,57823,3854.867,57823,3854.867,Player 5172,,0.73723,0.94961,0.73723,0.94961
Away,SET PIECE,THROW IN,1,57934,3862.267,57934,3862.267,Player 5184,,0.74243,0.97594,0.74243,0.97594
Away,PASS,,1,57947,3863.133,57980,3865.333,Player 5184,Player 5122,0.75708,0.95039,0.74034,0.98128
Away,BALL LOST,OUT,1,58014,3867.6,58014,3867.6,Player 5122,,0.74035,0.97707,0.74035,0.97707
Away,SET PIECE,THROW IN,1,58070,3871.333,58070,3871.333,Player 5205,,0.74076,0.98157,0.74076,0.98157
Away,BALL LOST,OUT,1,58106,3873.733,58106,3873.733,Player 5172,,0.78294,0.93714,0.78294,0.93714
Away,SET PIECE,THROW IN,1,58269,3884.6,58269,3884.6,Player 5172,,0.77852,0.91916,0.77852,0.91916
Away,BALL LOST,OUT,1,58275,3885.0,58275,3885.0,Player 5172,,0.79501,0.9289,0.84096,1.02464
Home,SET PIECE,KICK OFF,1,58638,3909.2,58638,3909.2,Player 5138,,0.58918,0.55339,0.58918,0.55339
Home,PASS,,1,58639,3909.267,58640,3909.333,Player 5138,Player 4998,0.59768,0.58997,0.60617,0.62654
Home,BALL LOST,,1,58679,3911.933,58680,3912.0,Player 5283,,0.63018,0.63681,0.63128,0.63831
Away,RECOVERY,,1,58680,3912.0,58680,3912.0,Player 5245,,0.63128,0.63831,0.63128,0.63831
Away,BALL LOST,,1,58694,3912.933,58695,3913.0,Player 5245,,0.64177,0.61137,0.64253,0.60871
Home,RECOVERY,,1,58695,3913.0,58695,3913.0,Player 4978,,0.64253,0.60871,0.64253,0.60871
Home,PASS,,1,58698,3913.2,58700,3913.333,Player 4978,Player 5248,0.6619,0.62352,0.69761,0.66055
Home,PASS,,1,58950,3930.0,58951,3930.067,Player 5248,Player 5263,0.66316,0.7161,0.64276,0.69757
Home,CHALLENGE,AERIAL-LOST,1,58957,3930.467,58967,3931.133,Player 5263,,0.52039,0.58641,0.5,0.52823
Away,CHALLENGE,AERIAL-WON,1,58957,3930.467,58967,3931.133,Player 5255,,0.52039,0.58641,0.5,0.52823
Away,PASS,,1,58968,3931.2,58971,3931.4,Player 5255,Player 5063,0.5,0.52861,0.5,0.46867
Away,BALL LOST,INTERCEPTION,1,58975,3931.667,58986,3932.4,Player 5063,,0.5,0.42233,0.24171,0.54758
Home,RECOVERY,INTERCEPTION,1,58986,3932.4,58986,3932.4,Player 5313,,0.24171,0.54758,0.24171,0.54758
Home,BALL LOST,INTERCEPTION,1,59183,3945.533,59204,3946.933,Player 5138,,0.15958,0.67203,0.12369,0.73889
Away,RECOVERY,INTERCEPTION,1,59204,3946.933,59204,3946.933,Player 5330,,0.12369,0.73889,0.12369,0.73889
Away,PASS,,1,59210,3947.333,59331,3955.4,Player 5330,Player 5085,0.11303,0.7307,0.21002,0.83889
Away,PASS,,1,59332,3955.467,59334,3955.6,Player 5085,Player 5326,0.21724,0.8756,0.23167,0.94903
Home,PASS,,1,59402,3960.133,59677,3978.467,Player 5313,Player 5138,0.11387,0.5158,0.27468,0.91294
Home,BALL LOST,OUT,1,59690,3979.333,59690,3979.333,Player 5138,,0.31793,1.02594,0.31578,1.00308
Home,SET PIECE,,1,59701,3980.067,59701,3980.067,Player 5138,,0.31002,0.94213,0.31002,0.94213
Home,BALL LOST,OUT,1,59704,3980.267,59704,3980.267,Player 5138,,0.28776,0.94307,0.24157,1.01413
Home,SET PIECE,,1,59749,3983.267,59749,3983.267,Player 5313,,0.11695,0.45159,0.11695,0.45159
Home,BALL LOST,INTERCEPTION,1,59945,3996.333,60046,4003.067,Player 5313,,0.19577,0.56157,0.13424,0.44015
Away,RECOVERY,INTERCEPTION,1,60046,4003.067,60046,4003.067,Player 5179,,0.13424,0.44015,0.13424,0.44015
Away,PASS,,1,60053,4003.533,60067,4004.467,Player 5179,Player 5290,0.14847,0.4914,0.23343,0.83434
Home,PASS,,1,60073,4004.867,60087,4005.8,Player 5264,Player 5331,0.27103,0.91044,0.32383,0.85891
Home,BALL LOST,INTERCEPTION,1,60103,4006.867,60111,4007.4,Player 5331,,0.41741,0.94173,0.48113,0.92627
Away,RECOVERY,INTERCEPTION,1,60111,4007.4,60111,4007.4,Player 5354,,0.48113,0.92627,0.48113,0.92627
Away,BALL LOST,INTERCEPTION,1,60139,4009.267,60162,4010.8,Player 5354,,0.41972,0.75886,0.59411,0.68815
Home,RECOVERY,INTERCEPTION,1,60162,4010.8,60162,4010.8,Player 5248,,0.59411,0.68815,0.59411,0.68815
Home,PASS,,1,60169,4011.267,60192,4012.8,Player 5248,Player 4965,0.67099,0.66837,0.73775,0.31244
Home,PASS,LONG BALL,1,60202,4013.467,60225,4015.0,Player 4965,Player 5313,0.59514,0.32053,0.19171,0.58434
Home,PASS,LONG BALL,1,60271,4018.067,60297,4019.8,Player 5313,Player 5248,0.20046,0.56653,0.73137,0.80263
Home,BALL LOST,INTERCEPTION,1,60333,4022.2,60346,4023.067,Player 5248,,0.66629,0.93464,0.54968,0.89923
Away,RECOVERY,INTERCEPTION,1,60346,4023.067,60346,4023.067,Player 5315,,0.54968,0.89923,0.54968,0.89923
Away,BALL LOST,OUT,1,60378,4025.2,60378,4025.2,Player 5315,,0.56765,0.9515,0.59633,1.01827
Away,SET PIECE,,1,60395,4026.333,60395,4026.333,Player 5354,,0.57808,0.83588,0.57808,0.83588
Away,BALL LOST,INTERCEPTION,1,60396,4026.4,60426,4028.4,Player 5354,,0.57443,0.79941,0.19132,0.56624
Home,RECOVERY,INTERCEPTION,1,60426,4028.4,60426,4028.4,Player 5313,,0.19132,0.56624,0.19132,0.56624
Home,PASS,LONG BALL,1,60450,4030.0,60475,4031.667,Player 5313,Player 4965,0.20895,0.57144,0.78335,0.65772
Home,PASS,LONG BALL,1,60517,4034.467,60571,4038.067,Player 4965,Player 5313,0.68063,0.52031,0.18276,0.54656
Home,PASS,,1,60623,4041.533,60638,4042.533,Player 5313,Player 5319,0.19688,0.54033,0.40132,0.25
Away,PASS,,1,60644,4042.933,60645,4043.0,Player 5316,Player 5342,0.41981,0.16964,0.43886,0.14757
Away,BALL LOST,OUT,1,60651,4043.4,60651,4043.4,Player 5342,,0.55318,0.01514,0.67163,-3e-05
Home,SET PIECE,,1,60666,4044.4,60666,4044.4,Player 5390,,0.74112,0.18959,0.74112,0.18959
Home,PASS,,1,60667,4044.467,60676,4045.067,Player 5390,Player 5414,0.75428,0.20946,0.87274,0.38833
Home,PASS,,1,60678,4045.2,60717,4047.8,Player 5414,Player 5264,0.8669,0.38701,0.78992,0.37313
Home,PASS,,1,60730,4048.667,60778,4051.867,Player 5248,Player 5263,0.76973,0.36566,0.74149,0.36349
Home,BALL LOST,INTERCEPTION,1,60818,4054.533,60825,4055.0,Player 5263,,0.89717,0.52203,0.90939,0.79303
Away,RECOVERY,INTERCEPTION,1,60825,4055.0,60825,4055.0,Player 5425,,0.90939,0.79303,0.90939,0.79303
Away,BALL LOST,INTERCEPTION,1,60861,4057.4,60937,4062.467,Player 5425,,0.93332,0.83056,0.90732,0.74629
Home,RECOVERY,INTERCEPTION,1,60937,4062.467,60937,4062.467,Player 5248,,0.90732,0.74629,0.90732,0.74629
Home,BALL LOST,INTERCEPTION,1,60989,4065.933,61073,4071.533,Player 5248,,0.90476,0.68019,0.86663,0.77563
Away,RECOVERY,INTERCEPTION,1,61073,4071.533,61073,4071.533,Player 5419,,0.86663,0.77563,0.86663,0.77563
Away,BALL LOST,INTERCEPTION,1,61138,4075.867,61148,4076.533,Player 5419,,0.91359,0.76651,0.83191,0.56052
Home,RECOVERY,INTERCEPTION,1,61148,4076.533,61148,4076.533,Player 5248,,0.83191,0.56052,0.83191,0.56052
Home,BALL LOST,OUT,1,61178,4078.533,61178,4078.533,Player 5248,,0.93353,0.86141,0.90503,1.0336
Away,SET PIECE,THROW IN,1,61183,4078.867,61183,4078.867,Player 5438,,0.90503,1.0336,0.90503,1.0336
Away,BALL LOST,OUT,1,61192,4079.467,61192,4079.467,Player 5438,,0.91005,1.06694,0.87314,1.01152
Away,SET PIECE,THROW IN,1,61203,4080.2,61203,4080.2,Player 5443,,0.87536,0.98982,0.87536,0.98982
Away,BALL LOST,INTERCEPTION,1,61204,4080.267,61210,4080.667,Player 5443,,0.87759,0.96811,0.89093,0.83788
Home,RECOVERY,INTERCEPTION,1,61210,4080.667,61210,4080.667,Player 5248,,0.89093,0.83788,0.89093,0.83788
Home,BALL LOST,OUT,1,61235,4082.333,61235,4082.333,Player 5248,,0.85385,0.72967,1.02146,0.31275
Away,SET PIECE,,1,61294,4086.267,61294,4086.267,Player 5354,,0.86183,0.36218,0.86183,0.36218
Away,BALL LOST,INTERCEPTION,1,61300,4086.667,61305,4087.0,Player 5354,,0.82337,0.33247,0.78993,0.30751
Home,RECOVERY,INTERCEPTION,1,61305,4087.0,61305,4087.0,Player 4965,,0.78993,0.30751,0.78993,0.30751
Home,PASS,,1,61311,4087.4,61326,4088.4,Player 4965,Player 5414,0.76241,0.28392,0.72343,0.26825
Home,BALL LOST,INTERCEPTION,1,61343,4089.533,61408,4093.867,Player 5414,,0.68992,0.2628,0.85499,0.33337
Away,RECOVERY,INTERCEPTION,1,61408,4093.867,61408,4093.867,Player 5431,,0.85499,0.33337,0.85499,0.33337
Away,BALL LOST,INTERCEPTION,1,61416,4094.4,61432,4095.467,Player 5431,,0.85442,0.36774,0.83383,0.46033
Home,RECOVERY,INTERCEPTION,1,61432,4095.467,61432,4095.467,Player 5248,,0.83383,0.46033,0.83383,0.46033
Home,BALL LOST,OUT,1,61600,4106.667,61600,4106.667,Player 5248,,0.77225,1.00579,0.77225,1.00579
Home,SET PIECE,,1,61609,4107.267,61609,4107.267,Player 5248,,0.75864,0.95018,0.75864,0.95018
Home,CHALLENGE,AERIAL-LOST,1,61620,4108.0,61660,4110.667,Player 5248,,0.75361,0.87949,0.16662,0.36873
Away,CHALLENGE,AERIAL-WON,1,61620,4108.0,61660,4110.667,Player 5474,,0.75361,0.87949,0.16662,0.36873
Home,PASS,,1,61685,4112.333,61696,4113.067,Player 5319,Player 5414,0.5079,0.25936,0.53589,0.35633
Home,BALL LOST,INTERCEPTION,1,61697,4113.133,61700,4113.333,Player 5414,,0.54276,0.38899,0.55261,0.44579
Away,RECOVERY,INTERCEPTION,1,61700,4113.333,61700,4113.333,Player 4916,,0.55261,0.44579,0.55261,0.44579
Away,BALL LOST,INTERCEPTION,1,61703,4113.533,61708,4113.867,Player 4916,,0.54567,0.43019,0.53529,0.40656
Home,RECOVERY,INTERCEPTION,1,61708,4113.867,61708,4113.867,Player 5414,,0.53529,0.40656,0.53529,0.40656
Home,BALL LOST,,1,61719,4114.6,61720,4114.667,Player 5414,,0.49779,0.38077,0.48881,0.37998
Away,RECOVERY,,1,61720,4114.667,61720,4114.667,Player 5255,,0.48881,0.37998,0.48881,0.37998
Away,BALL LOST,,1,61725,4115.0,61726,4115.067,Player 5179,,0.44393,0.37604,0.43495,0.37526
Home,RECOVERY,,1,61726,4115.067,61726,4115.067,Player 5414,,0.43495,0.37526,0.43495,0.37526
Home,PASS,LONG BALL,1,61817,4121.133,61840,4122.667,Player 5414,Player 5455,0.58741,0.29314,0.24027,0.51335
Home,BALL LOST,INTERCEPTION,1,61841,4122.733,61956,4130.4,Player 5455,,0.22021,0.53505,0.13681,0.11123
Away,RECOVERY,INTERCEPTION,1,61956,4130.4,61956,4130.4,Player 5179,,0.13681,0.11123,0.13681,0.11123
Away,PASS,,1,61982,4132.133,61986,4132.4,Player 5342,Player 5291,0.14527,0.20686,0.1665,0.20711
Away,PASS,,1,61990,4132.667,61999,4133.267,Player 5291,Player 5315,0.18773,0.20737,0.26216,0.19695
Away,BALL LOST,INTERCEPTION,1,62001,4133.4,62078,4138.533,Player 5315,,0.26627,0.23374,0.20391,0.6221
Home,RECOVERY,INTERCEPTION,1,62078,4138.533,62078,4138.533,Player 5455,,0.20391,0.6221,0.20391,0.6221
Home,BALL LOST,INTERCEPTION,1,62095,4139.667,62133,4142.2,Player 5455,,0.20273,0.60062,0.55724,0.92857
Away,RECOVERY,INTERCEPTION,1,62133,4142.2,62133,4142.2,Player 5385,,0.55724,0.92857,0.55724,0.92857
Away,PASS,,1,62149,4143.267,62437,4162.467,Player 5385,Player 5530,0.55207,0.83852,0.76562,0.90237
Away,BALL LOST,INTERCEPTION,1,62442,4162.8,62631,4175.4,Player 5530,,0.76509,0.90377,0.83847,0.50672
Home,RECOVERY,INTERCEPTION,1,62631,4175.4,62631,4175.4,Player 5519,,0.83847,0.50672,0.83847,0.50672
Home,PASS,,1,62634,4175.6,62640,4176.0,Player 5519,Player 5263,0.8111,0.46893,0.75637,0.39334
Home,BALL LOST,INTERCEPTION,1,62645,4176.333,62678,4178.533,Player 5263,,0.72839,0.35284,0.93648,0.44004
Away,RECOVERY,INTERCEPTION,1,62678,4178.533,62678,4178.533,Player 5474,,0.93648,0.44004,0.93648,0.44004
Home,PASS,,1,62740,4182.667,62741,4182.733,Player 5480,Player 4965,0.66056,0.57853,0.63782,0.59226
Home,PASS,,1,62749,4183.267,62762,4184.133,Player 5480,Player 5532,0.64571,0.57757,0.69399,0.45141
Home,BALL LOST,,1,62810,4187.333,62811,4187.4,Player 5532,,0.38622,0.20689,0.41004,0.19443
Away,RECOVERY,,1,62811,4187.4,62811,4187.4,Player 5179,,0.41004,0.19443,0.41004,0.19443
Away,BALL LOST,INTERCEPTION,1,62825,4188.333,62899,4193.267,Player 5179,,0.34293,0.21407,0.15683,0.52293
Home,RECOVERY,INTERCEPTION,1,62899,4193.267,62899,4193.267,Player 5564,,0.15683,0.52293,0.15683,0.52293
Home,BALL LOST,INTERCEPTION,1,62994,4199.6,63010,4200.667,Player 5564,,0.19243,0.55604,0.45243,0.30687
Away,RECOVERY,INTERCEPTION,1,63010,4200.667,63010,4200.667,Player 5474,,0.45243,0.30687,0.45243,0.30687
Away,BALL LOST,INTERCEPTION,1,63033,4202.2,63044,4202.933,Player 5474,,0.45322,0.35629,0.44549,0.42771
Home,RECOVERY,INTERCEPTION,1,63044,4202.933,63044,4202.933,Player 5519,,0.44549,0.42771,0.44549,0.42771
Home,PASS,LONG BALL,1,63080,4205.333,63181,4212.067,Player 5519,Player 5264,0.46127,0.50171,0.12037,0.37667
Away,PASS,,1,63185,4212.333,63188,4212.533,Player 5315,Player 5579,0.10354,0.37963,0.07821,0.38402
Away,BALL LOST,,1,63190,4212.667,63191,4212.733,Player 5579,,0.06132,0.38694,0.05288,0.3884
Home,RECOVERY,,1,63191,4212.733,63191,4212.733,Player 5264,,0.05288,0.3884,0.05288,0.3884
Home,CHALLENGE,AERIAL-LOST,1,63201,4213.4,63208,4213.867,Player 5264,,0.04585,0.39436,0.04835,0.40251
Away,CHALLENGE,AERIAL-WON,1,63201,4213.4,63208,4213.867,Player 5579,,0.04585,0.39436,0.04835,0.40251
Away,BALL LOST,INTERCEPTION,1,63244,4216.267,63248,4216.533,Player 5573,,0.09845,0.43676,0.18254,0.40844
Home,RECOVERY,INTERCEPTION,1,63248,4216.533,63248,4216.533,Player 5564,,0.18254,0.40844,0.18254,0.40844
Home,PASS,,1,63294,4219.6,63343,4222.867,Player 5564,Player 5264,0.18639,0.557,0.22383,0.35387
Home,CHALLENGE,AERIAL-LOST,1,63353,4223.533,63362,4224.133,Player 5264,,0.23219,0.33276,0.24318,0.34489
Away,CHALLENGE,AERIAL-WON,1,63353,4223.533,63362,4224.133,Player 5634,,0.23219,0.33276,0.24318,0.34489
Away,PASS,,1,63365,4224.333,63381,4225.4,Player 5634,Player 5509,0.24568,0.3477,0.5237,0.51162
Away,PASS,LONG BALL,1,63382,4225.467,63397,4226.467,Player 5509,Player 5474,0.5474,0.49953,0.90292,0.31827
Away,BALL LOST,OUT,1,63398,4226.533,63398,4226.533,Player 5474,,0.90281,0.31774,1.01926,0.53611
Away,SET PIECE,,1,63543,4236.2,63543,4236.2,Player 5644,,0.83338,0.42659,0.83338,0.42659
Away,PASS,LONG BALL,1,63587,4239.133,63751,4250.067,Player 5644,Player 5691,0.88007,0.3405,0.9274,0.87377
Away,BALL LOST,OUT,1,63878,4258.533,63878,4258.533,Player 5691,,0.87192,0.82876,0.84241,1.01121
Away,SET PIECE,,1,64076,4271.733,64076,4271.733,Player 5705,,0.78105,0.95659,0.78105,0.95659
Home,PASS,,1,64188,4279.2,64196,4279.733,Player 5518,Player 5519,0.79547,0.81569,0.74515,0.51576
Home,BALL LOST,,1,64200,4280.0,64201,4280.067,Player 5519,,0.75593,0.51822,0.75901,0.51891
Away,RECOVERY,,1,64201,4280.067,64201,4280.067,Player 5711,,0.75901,0.51891,0.75901,0.51891
Away,PASS,,1,64331,4288.733,64375,4291.667,Player 5644,Player 5562,0.86558,0.51186,0.77148,0.37553
Away,BALL LOST,OUT,1,64392,4292.8,64392,4292.8,Player 5562,,0.81137,0.37509,1.01681,0.29822
Away,SET PIECE,,1,64760,4317.333,64760,4317.333,Player 5711,,0.58313,0.29527,0.58313,0.29527
Away,BALL LOST,,1,64763,4317.533,64764,4317.6,Player 5711,,0.59013,0.29601,0.59262,0.29646
Home,RECOVERY,,1,64764,4317.6,64764,4317.6,Player 5662,,0.59262,0.29646,0.59262,0.29646
Home,PASS,,1,64785,4319.0,64859,4323.933,Player 5662,Player 5518,0.60332,0.30894,0.49427,0.688
Home,BALL LOST,OUT,1,64869,4324.6,64869,4324.6,Player 5518,,0.46565,0.83194,0.45761,1.01974
Home,SET PIECE,,1,64944,4329.6,64944,4329.6,Player 5755,,0.12561,0.4453,0.12561,0.4453
Away,PASS,LONG BALL,1,65045,4336.333,65143,4342.867,Player 5784,Player 5721,0.12023,0.43492,0.67403,0.71157
Away,PASS,,1,65150,4343.333,65158,4343.867,Player 5721,Player 5796,0.69455,0.72795,0.67644,0.88255
Away,PASS,,1,65170,4344.667,65173,4344.867,Player 5796,Player 5721,0.68057,0.86002,0.69515,0.76828
Away,BALL LOST,INTERCEPTION,1,65179,4345.267,65183,4345.533,Player 5721,,0.68757,0.75271,0.67783,0.77069
Home,RECOVERY,INTERCEPTION,1,65183,4345.533,65183,4345.533,Player 5519,,0.67783,0.77069,0.67783,0.77069
Home,BALL LOST,INTERCEPTION,1,65196,4346.4,65199,4346.6,Player 5519,,0.66602,0.84072,0.66933,0.87824
Away,RECOVERY,INTERCEPTION,1,65199,4346.6,65199,4346.6,Player 5796,,0.66933,0.87824,0.66933,0.87824
Away,PASS,,1,65214,4347.6,65279,4351.933,Player 5796,Player 5721,0.67098,0.90164,0.68978,0.49713
Home,PASS,,1,65289,4352.6,65291,4352.733,Player 5519,Player 5715,0.60335,0.75828,0.58606,0.81051
Home,PASS,,1,65293,4352.867,65297,4353.133,Player 5715,Player 5519,0.59536,0.79916,0.61554,0.78614
Away,BALL LOST,INTERCEPTION,1,65343,4356.2,65518,4367.867,Player 5562,,0.64032,0.72143,0.84721,0.49624
Home,RECOVERY,INTERCEPTION,1,65518,4367.867,65518,4367.867,Player 5519,,0.84721,0.49624,0.84721,0.49624
Home,PASS,,1,65537,4369.133,65542,4369.467,Player 5519,Player 5833,0.92064,0.43335,0.96017,0.33997
Home,PASS,,1,65547,4369.8,65555,4370.333,Player 5833,Player 5715,0.9335,0.40645,0.89083,0.51283
Home,PASS,,1,65586,4372.4,65592,4372.8,Player 5715,Player 5833,0.87199,0.57178,0.88414,0.54558
Home,BALL LOST,INTERCEPTION,1,65593,4372.867,65602,4373.467,Player 5833,,0.87267,0.58034,0.76948,0.8932
Away,RECOVERY,INTERCEPTION,1,65602,4373.467,65602,4373.467,Player 5835,,0.76948,0.8932,0.76948,0.8932
Away,BALL LOST,OUT,1,65641,4376.067,65641,4376.067,Player 5835,,0.76941,0.93884,0.74058,1.00064
Away,SET PIECE,KICK OFF,1,65723,4381.533,65723,4381.533,Player 5509,,0.60939,0.48813,0.60939,0.48813
Away,PASS,LONG BALL,1,65724,4381.6,65753,4383.533,Player 5509,Player 5721,0.61112,0.48781,0.90552,0.33074
Away,BALL LOST,INTERCEPTION,1,65955,4397.0,66021,4401.4,Player 5562,,0.92937,0.32919,0.59397,0.58476
Home,RECOVERY,INTERCEPTION,1,66021,4401.4,66021,4401.4,Player 5766,,0.59397,0.58476,0.59397,0.58476
Home,PASS,,1,66049,4403.267,66101,4406.733,Player 5766,Player 5519,0.58885,0.64257,0.57412,0.6125
Home,BALL LOST,,1,66120,4408.0,66121,4408.067,Player 5519,,0.57657,0.62904,0.58157,0.59211
Away,RECOVERY,,1,66121,4408.067,66121,4408.067,Player 5562,,0.58157,0.59211,0.58157,0.59211
Away,BALL LOST,,1,66143,4409.533,66144,4409.6,Player 5562,,0.57345,0.59823,0.56891,0.62703
Home,RECOVERY,,1,66144,4409.6,66144,4409.6,Player 5519,,0.56891,0.62703,0.56891,0.62703
Home,BALL LOST,INTERCEPTION,1,66220,4414.667,66238,4415.867,Player 5519,,0.55178,0.82476,0.61868,0.84928
Away,RECOVERY,INTERCEPTION,1,66238,4415.867,66238,4415.867,Player 5682,,0.61868,0.84928,0.61868,0.84928
Away,BALL LOST,,1,66253,4416.867,66254,4416.933,Player 5682,,0.59606,0.91231,0.58909,0.92538
Home,RECOVERY,,1,66254,4416.933,66254,4416.933,Player 5779,,0.58909,0.92538,0.58909,0.92538
Home,BALL LOST,OUT,1,66264,4417.6,66264,4417.6,Player 5833,,0.53652,1.03514,0.49867,1.07413
Away,SET PIECE,THROW IN,1,66271,4418.067,66271,4418.067,Player 5849,,0.49867,1.07413,0.49867,1.07413
Away,BALL LOST,OUT,1,66285,4419.0,66285,4419.0,Player 5849,,0.55136,1.11607,0.47507,1.00765
Away,SET PIECE,,1,66436,4429.067,66436,4429.067,Player 5714,,0.47193,0.84504,0.47193,0.84504
Away,PASS,,1,66439,4429.267,66449,4429.933,Player 5714,Player 5858,0.46045,0.83941,0.41808,0.8571
Away,PASS,,1,66512,4434.133,66531,4435.4,Player 5858,Player 5815,0.41226,0.7175,0.37405,0.52717
Away,BALL LOST,INTERCEPTION,1,66548,4436.533,66591,4439.4,Player 5815,,0.3783,0.43604,0.36808,0.19456
Home,RECOVERY,INTERCEPTION,1,66591,4439.4,66591,4439.4,Player 5792,,0.36808,0.19456,0.36808,0.19456
Home,BALL LOST,INTERCEPTION,1,66611,4440.733,66628,4441.867,Player 5792,,0.42268,0.20457,0.84131,0.34516
Away,RECOVERY,INTERCEPTION,1,66628,4441.867,66628,4441.867,Player 5916,,0.84131,0.34516,0.84131,0.34516
Home,PASS,,1,66680,4445.333,66681,4445.4,Player 5898,Player 5779,0.75889,0.33089,0.77009,0.36573
Home,PASS,,1,66682,4445.467,66897,4459.8,Player 5779,Player 5715,0.78129,0.40058,0.60861,0.3342
Home,PASS,,1,66903,4460.2,66905,4460.333,Player 5715,Player 5898,0.60203,0.33599,0.63441,0.38528
Home,PASS,,1,66906,4460.4,66912,4460.8,Player 5898,Player 5790,0.6506,0.40992,0.74774,0.5578
Away,PASS,,1,66929,4461.933,66931,4462.067,Player 5849,Player 5879,0.61319,0.51932,0.62118,0.465
Home,PASS,,1,66940,4462.667,66971,4464.733,Player 5930,Player 5792,0.64132,0.29378,0.58005,0.19656
Home,BALL LOST,INTERCEPTION,1,66972,4464.8,67067,4471.133,Player 5792,,0.59305,0.2295,0.97132,0.88694
Away,RECOVERY,INTERCEPTION,1,67067,4471.133,67067,4471.133,Player 5928,,0.97132,0.88694,0.97132,0.88694
Away,BALL LOST,INTERCEPTION,1,67080,4472.0,67401,4493.4,Player 5928,,0.96487,0.90034,0.62786,0.32413
Home,RECOVERY,INTERCEPTION,1,67401,4493.4,67401,4493.4,Player 5715,,0.62786,0.32413,0.62786,0.32413
Home,PASS,,1,67434,4495.6,67435,4495.667,Player 5715,Player 5248,0.62448,0.37051,0.63936,0.40032
Home,PASS,,1,67456,4497.067,67492,4499.467,Player 5833,Player 5715,0.60367,0.33974,0.6211,0.58331
Home,PASS,,1,67503,4500.2,67531,4502.067,Player 5715,Player 5790,0.65821,0.57158,0.74735,0.56303
Home,PASS,,1,67532,4502.133,67756,4517.067,Player 5790,Player 6002,0.75434,0.5278,0.79874,0.6569
Home,PASS,,1,67757,4517.133,67835,4522.333,Player 6002,Player 5790,0.77954,0.68025,0.84001,0.71403
Home,BALL LOST,OUT,1,67842,4522.8,67842,4522.8,Player 5790,,0.81982,0.72408,0.75428,1.07557
Away,SET PIECE,THROW IN,1,67864,4524.267,67864,4524.267,Player 6021,,0.75428,1.07557,0.75428,1.07557
Away,BALL LOST,OUT,1,67895,4526.333,67895,4526.333,Player 6021,,0.75362,1.07806,0.77768,1.07107
Away,SET PIECE,THROW IN,1,67910,4527.333,67910,4527.333,Player 6021,,0.77768,1.07107,0.77768,1.07107
Away,BALL LOST,OUT,1,67920,4528.0,67920,4528.0,Player 6021,,0.7784,1.07284,0.79939,1.04426
Away,SET PIECE,THROW IN,1,67929,4528.6,67929,4528.6,Player 6021,,0.79939,1.04426,0.79939,1.04426
Away,BALL LOST,OUT,1,67930,4528.667,67930,4528.667,Player 6021,,0.79941,1.04421,0.70923,1.00019
Away,SET PIECE,,1,68151,4543.4,68151,4543.4,Player 5562,,0.63514,0.30356,0.63514,0.30356
Away,PASS,LONG BALL,1,68171,4544.733,68192,4546.133,Player 5784,Player 5682,0.4054,0.36563,0.52702,0.91024
Away,BALL LOST,OUT,1,68193,4546.2,68193,4546.2,Player 5682,,0.53616,0.93273,0.5537,1.00052
Home,SET PIECE,,1,68218,4547.867,68218,4547.867,Player 5831,,0.51172,0.91399,0.51172,0.91399
Home,PASS,,1,68263,4550.867,68266,4551.067,Player 6113,Player 5831,0.562,0.80256,0.57847,0.84431
Home,PASS,,1,68267,4551.133,68271,4551.4,Player 5831,Player 5930,0.59638,0.86943,0.61792,0.90373
Home,PASS,,1,68289,4552.6,68291,4552.733,Player 6058,Player 5831,0.54716,0.81283,0.57248,0.83472
Away,BALL LOST,INTERCEPTION,1,68306,4553.733,68311,4554.067,Player 6073,,0.55447,0.74555,0.54485,0.69393
Home,RECOVERY,INTERCEPTION,1,68311,4554.067,68311,4554.067,Player 5935,,0.54485,0.69393,0.54485,0.69393
Home,PASS,,1,68315,4554.333,68331,4555.4,Player 5935,Player 6112,0.52909,0.68062,0.24443,0.61341
Home,PASS,,1,68455,4563.667,68638,4575.867,Player 6112,Player 6113,0.22451,0.62653,0.493,0.51202
Home,PASS,,1,68656,4577.067,68681,4578.733,Player 6113,Player 6053,0.53801,0.65573,0.61977,0.83011
Home,BALL LOST,OUT,1,68685,4579.0,68685,4579.0,Player 6053,,0.62829,0.84863,0.47878,1.13127
Home,SET PIECE,THROW IN,1,68712,4580.8,68712,4580.8,Player 5930,,0.47878,1.13127,0.47878,1.13127
Home,BALL LOST,OUT,1,68717,4581.133,68717,4581.133,Player 5930,,0.44078,1.12628,0.38256,1.00216
Home,SET PIECE,KICK OFF,1,68933,4595.533,68933,4595.533,Player 5831,,0.54049,0.67813,0.54049,0.67813
Home,PASS,,1,68936,4595.733,69128,4608.533,Player 5831,Player 6053,0.51584,0.64801,0.63947,0.82406
Away,BALL LOST,OUT,1,69186,4612.4,69186,4612.4,Player 6140,,0.45443,0.9062,0.35399,1.01741
Home,SET PIECE,THROW IN,1,69201,4613.4,69201,4613.4,Player 5930,,0.35399,1.01741,0.35399,1.01741
Home,PASS,,1,69281,4618.733,69294,4619.6,Player 5930,Player 5831,0.44897,0.9236,0.48302,0.79319
Home,PASS,LONG BALL,1,69295,4619.667,69367,4624.467,Player 5831,Player 6112,0.48539,0.78517,0.02325,0.20546
Home,BALL LOST,OUT,1,69373,4624.867,69373,4624.867,Player 6112,,0.01983,0.21461,1.00179,0.29334
Away,SET PIECE,GOAL KICK,1,69418,4627.867,69418,4627.867,Player 6157,,0.99582,0.29632,0.99582,0.29632
Away,BALL LOST,INTERCEPTION,1,69428,4628.533,69456,4630.4,Player 6157,,0.96233,0.31869,0.89013,0.66507
Home,RECOVERY,INTERCEPTION,1,69456,4630.4,69456,4630.4,Player 6053,,0.89013,0.66507,0.89013,0.66507
Home,BALL LOST,OUT,1,69472,4631.467,69472,4631.467,Player 6053,,0.8783,0.73593,1.05327,0.42151
Home,SET PIECE,GOAL KICK,1,69579,4638.6,69579,4638.6,Player 6150,,1.05327,0.42151,1.05327,0.42151
Home,BALL LOST,OUT,1,69624,4641.6,69624,4641.6,Player 6150,,1.09063,0.2583,1.04056,0.20922
Home,SET PIECE,GOAL KICK,1,69629,4641.933,69629,4641.933,Player 6009,,1.04056,0.20922,1.04056,0.20922
Home,BALL LOST,OUT,1,69630,4642.0,69630,4642.0,Player 6009,,1.01679,0.20368,1.01679,0.20368
Home,SET PIECE,,1,69704,4646.933,69704,4646.933,Player 6112,,0.15585,0.49233,0.15585,0.49233
Home,PASS,,1,69725,4648.333,69787,4652.467,Player 6112,Player 6154,0.16573,0.49496,0.22282,0.3593
Home,BALL LOST,,1,69789,4652.6,69790,4652.667,Player 6154,,0.22976,0.33138,0.23322,0.31741
Away,RECOVERY,,1,69790,4652.667,69790,4652.667,Player 6136,,0.23322,0.31741,0.23322,0.31741
Away,BALL LOST,OUT,1,69827,4655.133,69827,4655.133,Player 6136,,0.45862,0.14045,0.53697,-0.00949
Away,SET PIECE,,1,69857,4657.133,69857,4657.133,Player 6191,,0.87976,0.34493,0.87976,0.34493
Away,BALL LOST,INTERCEPTION,1,69894,4659.6,69967,4664.467,Player 6191,,0.85728,0.36661,0.72542,0.34386
Home,RECOVERY,INTERCEPTION,1,69967,4664.467,69967,4664.467,Player 6053,,0.72542,0.34386,0.72542,0.34386
Home,BALL LOST,INTERCEPTION,1,69983,4665.533,70023,4668.2,Player 6053,,0.71483,0.34251,0.70523,0.34183
Away,RECOVERY,INTERCEPTION,1,70023,4668.2,70023,4668.2,Player 6200,,0.70523,0.34183,0.70523,0.34183
Away,BALL LOST,INTERCEPTION,1,70038,4669.2,70048,4669.867,Player 6200,,0.68899,0.34327,0.88809,0.54738
Home,RECOVERY,INTERCEPTION,1,70048,4669.867,70048,4669.867,Player 6201,,0.88809,0.54738,0.88809,0.54738
Home,BALL LOST,OUT,1,70059,4670.6,70059,4670.6,Player 6201,,0.87306,0.56075,0.74135,1.00066
Home,SET PIECE,,1,70209,4680.6,70209,4680.6,Player 6053,,0.79154,0.62976,0.79154,0.62976
Home,BALL LOST,INTERCEPTION,1,70210,4680.667,70376,4691.733,Player 6053,,0.80052,0.59447,0.8336,0.4939
Away,RECOVERY,INTERCEPTION,1,70376,4691.733,70376,4691.733,Player 6206,,0.8336,0.4939,0.8336,0.4939
Away,BALL LOST,OUT,1,70379,4691.933,70379,4691.933,Player 6206,,0.83862,0.53316,0.92021,1.00433
Away,SET PIECE,,1,70407,4693.8,70407,4693.8,Player 6206,,0.83949,0.53239,0.83949,0.53239
Away,BALL LOST,INTERCEPTION,1,70461,4697.4,70486,4699.067,Player 6206,,0.86748,0.51685,0.75998,0.33184
Home,RECOVERY,INTERCEPTION,1,70486,4699.067,70486,4699.067,Player 6146,,0.75998,0.33184,0.75998,0.33184
Home,BALL LOST,OUT,1,70556,4703.733,70556,4703.733,Player 5930,,0.76,0.33247,0.89397,1.02707
Home,SET PIECE,,1,70801,4720.067,70801,4720.067,Player 6113,,0.83338,0.49497,0.83338,0.49497
Home,BALL LOST,INTERCEPTION,1,70827,4721.8,70830,4722.0,Player 6113,,0.83519,0.44279,0.84509,0.3669
Away,RECOVERY,INTERCEPTION,1,70830,4722.0,70830,4722.0,Player 5975,,0.84509,0.3669,0.84509,0.3669
Away,PASS,,1,70835,4722.333,70838,4722.533,Player 5975,Player 6206,0.85487,0.35214,0.86964,0.44257
Away,PASS,,1,70840,4722.667,71056,4737.067,Player 6206,Player 6191,0.87949,0.50286,0.88254,0.61263
Away,PASS,LONG BALL,1,71155,4743.667,71171,4744.733,Player 6191,Player 6289,0.89573,0.3655,0.55025,0.55003
Away,BALL LOST,,1,71172,4744.8,71173,4744.867,Player 6289,,0.55722,0.57466,0.56418,0.59929
Home,RECOVERY,,1,71173,4744.867,71173,4744.867,Player 6276,,0.56418,0.59929,0.56418,0.59929
Home,CHALLENGE,AERIAL-LOST,1,71197,4746.467,71210,4747.333,Player 6276,,0.56561,0.65965,0.51547,0.68561
Away,CHALLENGE,AERIAL-WON,1,71197,4746.467,71210,4747.333,Player 6289,,0.56561,0.65965,0.51547,0.68561
Away,BALL LOST,INTERCEPTION,1,71224,4748.267,71264,4750.933,Player 6289,,0.5315,0.90752,0.16175,0.54233
Home,RECOVERY,INTERCEPTION,1,71264,4750.933,71264,4750.933,Player 6293,,0.16175,0.54233,0.16175,0.54233
Home,PASS,LONG BALL,1,71309,4753.933,71332,4755.467,Player 6293,Player 6201,0.16088,0.53019,0.7125,0.38661
Home,PASS,,1,71333,4755.533,71345,4756.333,Player 6201,Player 6202,0.70638,0.36929,0.64217,0.1923
Home,BALL LOST,,1,71370,4758.0,71371,4758.067,Player 6202,,0.6097,0.115,0.6115,0.1153
Away,RECOVERY,,1,71371,4758.067,71371,4758.067,Player 6200,,0.6115,0.1153,0.6115,0.1153
Away,BALL LOST,INTERCEPTION,1,71377,4758.467,71383,4758.867,Player 6200,,0.6032,0.15804,0.56787,0.20784
Home,RECOVERY,INTERCEPTION,1,71383,4758.867,71383,4758.867,Player 6113,,0.56787,0.20784,0.56787,0.20784
Home,PASS,LONG BALL,1,71404,4760.267,71421,4761.4,Player 6113,Player 6293,0.62152,0.19993,0.25189,0.50867
Home,PASS,,1,71423,4761.533,71472,4764.8,Player 6293,Player 6201,0.2084,0.545,0.17197,0.36824
Away,PASS,,1,71476,4765.067,71485,4765.667,Player 6073,Player 5682,0.1723,0.36854,0.19619,0.37998
Away,PASS,LONG BALL,1,71486,4765.733,71517,4767.8,Player 5682,Player 6312,0.21956,0.39094,0.92888,0.51799
Away,BALL LOST,INTERCEPTION,1,71528,4768.533,71537,4769.133,Player 6312,,0.88018,0.48333,0.83727,0.49791
Home,RECOVERY,INTERCEPTION,1,71537,4769.133,71537,4769.133,Player 6113,,0.83727,0.49791,0.83727,0.49791
Home,BALL LOST,INTERCEPTION,1,71544,4769.6,71552,4770.133,Player 6113,,0.86282,0.49709,0.90857,0.51642
Away,RECOVERY,INTERCEPTION,1,71552,4770.133,71552,4770.133,Player 6312,,0.90857,0.51642,0.90857,0.51642
Away,BALL LOST,INTERCEPTION,1,71617,4774.467,71620,4774.667,Player 6308,,0.82985,0.49323,0.86059,0.5907
Home,RECOVERY,INTERCEPTION,1,71620,4774.667,71620,4774.667,Player 6053,,0.86059,0.5907,0.86059,0.5907
Home,BALL LOST,INTERCEPTION,1,71635,4775.667,71645,4776.333,Player 6053,,0.86496,0.5549,0.80607,0.408
Away,RECOVERY,INTERCEPTION,1,71645,4776.333,71645,4776.333,Player 6308,,0.80607,0.408,0.80607,0.408
Away,PASS,,1,71654,4776.933,71687,4779.133,Player 6308,Player 6329,0.83761,0.49711,0.94669,0.35417
Away,PASS,,1,71690,4779.333,71697,4779.8,Player 6329,Player 6308,0.92278,0.34602,0.75386,0.29966
Away,PASS,LONG BALL,1,71714,4780.933,71830,4788.667,Player 6308,Player 6335,0.75487,0.29811,0.87318,0.96729
Away,PASS,LONG BALL,1,71919,4794.6,72177,4811.8,Player 6335,Player 6381,0.73042,0.8974,0.2367,0.77789
Home,PASS,,1,72181,4812.067,72185,4812.333,Player 6249,Player 6267,0.25905,0.81484,0.2849,0.86901
Home,BALL LOST,INTERCEPTION,1,72213,4814.2,72217,4814.467,Player 6267,,0.26148,0.83894,0.2716,0.83215
Away,RECOVERY,INTERCEPTION,1,72217,4814.467,72217,4814.467,Player 6376,,0.2716,0.83215,0.2716,0.83215
Away,PASS,,1,72260,4817.333,72266,4817.733,Player 6376,Player 5682,0.29407,0.82161,0.25661,0.7351
Away,PASS,,1,72267,4817.8,72269,4817.933,Player 5682,Player 6346,0.25037,0.72069,0.23007,0.65395
Away,PASS,LONG BALL,1,72271,4818.067,72385,4825.667,Player 6346,Player 6308,0.21081,0.58741,0.49013,0.06852
Away,PASS,,1,72390,4826.0,72405,4827.0,Player 6308,Player 6200,0.48386,0.06888,0.44101,0.17035
Home,PASS,LONG BALL,1,72444,4829.6,72473,4831.533,Player 6349,Player 6058,0.60372,0.23616,0.89463,0.60089
Away,PASS,,1,72476,4831.733,72569,4837.933,Player 6215,Player 6305,0.85255,0.69896,0.82862,0.26227
Away,BALL LOST,,1,72588,4839.2,72589,4839.267,Player 6136,,0.83198,0.25847,0.82862,0.26227
Home,RECOVERY,,1,72589,4839.267,72589,4839.267,Player 6343,,0.82862,0.26227,0.82862,0.26227
Home,BALL LOST,,1,72629,4841.933,72630,4842.0,Player 6343,,0.82857,0.26231,0.82857,0.26231
Away,RECOVERY,,1,72630,4842.0,72630,4842.0,Player 6136,,0.82857,0.26231,0.82857,0.26231
Away,BALL LOST,INTERCEPTION,1,72740,4849.333,72988,4865.867,Player 6215,,0.83505,0.25537,0.75236,0.39611
Home,RECOVERY,INTERCEPTION,1,72988,4865.867,72988,4865.867,Player 6058,,0.75236,0.39611,0.75236,0.39611
Home,PASS,,1,73000,4866.667,73007,4867.133,Player 6058,Player 6343,0.75178,0.40056,0.64351,0.2815
Home,BALL LOST,,1,73009,4867.267,73010,4867.333,Player 6343,,0.61258,0.24748,0.59711,0.23047
Away,RECOVERY,,1,73010,4867.333,73010,4867.333,Player 6404,,0.59711,0.23047,0.59711,0.23047
Away,BALL LOST,INTERCEPTION,1,73021,4868.067,73032,4868.8,Player 6404,,0.59052,0.2315,0.73042,0.40453
Home,RECOVERY,INTERCEPTION,1,73032,4868.8,73032,4868.8,Player 6058,,0.73042,0.40453,0.73042,0.40453
Home,BALL LOST,INTERCEPTION,1,73075,4871.667,73479,4898.6,Player 6058,,0.74302,0.4181,0.79148,0.6937
Away,RECOVERY,INTERCEPTION,1,73479,4898.6,73479,4898.6,Player 6338,,0.79148,0.6937,0.79148,0.6937
Away,PASS,,1,73531,4902.067,73557,4903.8,Player 6338,Player 6466,0.68723,0.69086,0.67663,0.46651
Away,PASS,,1,73571,4904.733,73583,4905.533,Player 6466,Player 6448,0.67333,0.37756,0.6659,0.2819
Away,PASS,,1,73594,4906.267,73606,4907.067,Player 6448,Player 6398,0.66674,0.21756,0.85817,0.51746
Away,BALL LOST,INTERCEPTION,1,73878,4925.2,73910,4927.333,Player 6398,,0.81919,0.36229,0.7548,0.35337
Home,RECOVERY,INTERCEPTION,1,73910,4927.333,73910,4927.333,Player 6053,,0.7548,0.35337,0.7548,0.35337
Home,PASS,,1,73913,4927.533,73915,4927.667,Player 6053,Player 6408,0.74073,0.33482,0.71997,0.29654
Home,PASS,,1,73917,4927.8,73935,4929.0,Player 6408,Player 6423,0.69921,0.25826,0.7189,0.29001
Away,PASS,,1,73951,4930.067,74040,4936.0,Player 6338,Player 6562,0.72197,0.41838,0.88515,0.81369
Away,BALL LOST,OUT,1,74045,4936.333,74045,4936.333,Player 6562,,0.90368,0.80953,0.77617,1.0029
Away,SET PIECE,THROW IN,1,74406,4960.4,74406,4960.4,Player 6608,,0.66124,0.9862,0.66124,0.9862
Away,PASS,,1,74473,4964.867,74504,4966.933,Player 6608,Player 6398,0.5763,0.84716,0.54578,0.78735
Away,BALL LOST,INTERCEPTION,1,74505,4967.0,74509,4967.267,Player 6398,,0.55561,0.7558,0.59493,0.62959
Home,RECOVERY,INTERCEPTION,1,74509,4967.267,74509,4967.267,Player 6461,,0.59493,0.62959,0.59493,0.62959
Home,BALL LOST,,1,74515,4967.667,74516,4967.733,Player 6461,,0.58614,0.62893,0.58444,0.62993
Away,RECOVERY,,1,74516,4967.733,74516,4967.733,Player 6532,,0.58444,0.62993,0.58444,0.62993
Away,BALL LOST,INTERCEPTION,1,74524,4968.267,74586,4972.4,Player 6532,,0.57949,0.63083,0.65241,0.64369
Home,RECOVERY,INTERCEPTION,1,74586,4972.4,74586,4972.4,Player 6461,,0.65241,0.64369,0.65241,0.64369
Home,PASS,,1,74595,4973.0,74603,4973.533,Player 6461,Player 6408,0.69413,0.63723,0.50088,0.5493
Home,PASS,,1,74639,4975.933,74658,4977.2,Player 6408,Player 6249,0.53293,0.36997,0.56378,0.65263
Home,PASS,LONG BALL,1,74665,4977.667,74685,4979.0,Player 6249,Player 6506,0.55648,0.68158,0.49736,0.09353
Home,PASS,LONG BALL,1,74691,4979.4,74732,4982.133,Player 6506,Player 6461,0.48924,0.06,0.52089,0.54663
Home,PASS,,1,74736,4982.4,74773,4984.867,Player 6461,Player 6423,0.5,0.54761,0.23062,0.38013
Home,BALL LOST,,1,74815,4987.667,74816,4987.733,Player 6058,,0.24505,0.36368,0.24279,0.36123
Away,RECOVERY,,1,74816,4987.733,74816,4987.733,Player 6532,,0.24279,0.36123,0.24279,0.36123
Away,CHALLENGE,AERIAL-LOST,1,74858,4990.533,74868,4991.2,Player 6532,,0.22058,0.35113,0.23206,0.36198
Home,CHALLENGE,AERIAL-WON,1,74858,4990.533,74868,4991.2,Player 6423,,0.22058,0.35113,0.23206,0.36198
Home,CHALLENGE,AERIAL-LOST,1,74879,4991.933,74886,4992.4,Player 6423,,0.23598,0.3649,0.22657,0.36728
Away,CHALLENGE,AERIAL-WON,1,74879,4991.933,74886,4992.4,Player 6588,,0.23598,0.3649,0.22657,0.36728
Away,BALL LOST,,1,74897,4993.133,74898,4993.2,Player 6534,,0.25956,0.38479,0.26241,0.38759
Home,RECOVERY,,1,74898,4993.2,74898,4993.2,Player 6408,,0.26241,0.38759,0.26241,0.38759
Home,PASS,,1,74914,4994.267,74921,4994.733,Player 6461,Player 6626,0.29493,0.42297,0.15606,0.32057
Home,PASS,,1,75086,5005.733,75098,5006.533,Player 6626,Player 6408,0.21239,0.58408,0.46436,0.612
Away,PASS,,1,75102,5006.8,75107,5007.133,Player 6534,Player 6466,0.48216,0.69447,0.52788,0.8021
Home,PASS,LONG BALL,1,75117,5007.8,75135,5009.0,Player 6581,Player 6626,0.53752,0.8929,0.20655,0.5786
Home,PASS,,1,75160,5010.667,75189,5012.6,Player 6626,Player 6423,0.19107,0.55753,0.43116,0.439
Home,PASS,LONG BALL,1,75191,5012.733,75266,5017.733,Player 6423,Player 6626,0.40206,0.43898,0.0516,0.46683
Home,PASS,,1,75267,5017.8,75274,5018.267,Player 6626,Player 6423,0.06112,0.44079,0.12773,0.25854
Home,PASS,,1,75276,5018.4,75278,5018.533,Player 6423,Player 6506,0.14675,0.20647,0.16579,0.15439
Home,BALL LOST,INTERCEPTION,1,75295,5019.667,75312,5020.8,Player 6506,,0.20033,0.23559,0.13173,0.45874
Away,RECOVERY,INTERCEPTION,1,75312,5020.8,75312,5020.8,Player 6603,,0.13173,0.45874,0.13173,0.45874
Away,BALL LOST,INTERCEPTION,1,75383,5025.533,75508,5033.867,Player 6603,,0.11742,0.39753,0.09435,0.54447
Home,RECOVERY,INTERCEPTION,1,75508,5033.867,75508,5033.867,Player 6626,,0.09435,0.54447,0.09435,0.54447
Home,BALL LOST,INTERCEPTION,1,75517,5034.467,75905,5060.333,Player 6626,,0.11712,0.56126,0.73581,0.95069
Away,RECOVERY,INTERCEPTION,1,75905,5060.333,75905,5060.333,Player 6693,,0.73581,0.95069,0.73581,0.95069
Away,PASS,LONG BALL,1,75916,5061.067,75949,5063.267,Player 6693,Player 6689,0.71919,0.94316,0.8704,0.33258
Away,BALL LOST,OUT,1,75969,5064.6,75969,5064.6,Player 6689,,0.87852,0.25528,1.0078,0.27607
Away,SET PIECE,,1,76089,5072.6,76089,5072.6,Player 6689,,0.82034,0.3737,0.82034,0.3737
Away,PASS,,1,76138,5075.867,76159,5077.267,Player 6689,Player 6656,0.81391,0.34296,0.84033,0.45316
Away,PASS,,1,76162,5077.467,76165,5077.667,Player 6656,Player 6689,0.86299,0.52129,0.88565,0.58941
Away,BALL LOST,INTERCEPTION,1,76245,5083.0,76306,5087.067,Player 6689,,0.95981,0.37511,0.30499,0.44513
Home,RECOVERY,INTERCEPTION,1,76306,5087.067,76306,5087.067,Player 6626,,0.30499,0.44513,0.30499,0.44513
Home,PASS,LONG BALL,1,76374,5091.6,76397,5093.133,Player 6626,Player 6658,0.16678,0.36411,0.74042,0.49828
Home,BALL LOST,INTERCEPTION,1,76400,5093.333,76443,5096.2,Player 6658,,0.78428,0.48669,0.85452,0.42619
Away,RECOVERY,INTERCEPTION,1,76443,5096.2,76443,5096.2,Player 6776,,0.85452,0.42619,0.85452,0.42619
Away,PASS,,1,76527,5101.8,76530,5102.0,Player 6776,Player 6466,0.80213,0.4485,0.7422,0.48803
Home,BALL LOST,INTERCEPTION,1,77908,5193.867,78779,5251.933,Player 6926,,0.17324,0.60767,0.61175,0.45126
Away,RECOVERY,INTERCEPTION,1,78779,5251.933,78779,5251.933,Player 6879,,0.61175,0.45126,0.61175,0.45126
Away,PASS,LONG BALL,1,78879,5258.6,79013,5267.533,Player 6879,Player 6588,0.59705,0.44931,0.13217,0.4665
Home,PASS,,1,79044,5269.6,79047,5269.8,Player 7076,Player 6883,0.25438,0.22974,0.21823,0.32114
Home,BALL LOST,INTERCEPTION,1,79049,5269.933,79053,5270.2,Player 6883,,0.19412,0.38207,0.14592,0.50393
Away,RECOVERY,INTERCEPTION,1,79053,5270.2,79053,5270.2,Player 6588,,0.14592,0.50393,0.14592,0.50393
Away,PASS,LONG BALL,1,79073,5271.533,79259,5283.933,Player 6588,Player 6996,0.15096,0.50549,0.40871,0.21351
Away,PASS,LONG BALL,1,79260,5284.0,79312,5287.467,Player 6996,Player 7019,0.43239,0.22146,0.76653,0.37364
Away,BALL LOST,,1,79313,5287.533,79314,5287.6,Player 7019,,0.76572,0.37344,0.75795,0.36377
Home,RECOVERY,,1,79314,5287.6,79314,5287.6,Player 7078,,0.75795,0.36377,0.75795,0.36377
Home,PASS,,1,79317,5287.8,79320,5288.0,Player 7078,Player 6461,0.73465,0.33475,0.71134,0.30573
Home,PASS,,1,79321,5288.067,79326,5288.4,Player 6461,Player 7078,0.70357,0.29606,0.7464,0.3207
Home,PASS,,1,79364,5290.933,79367,5291.133,Player 7127,Player 7091,0.71771,0.37651,0.77592,0.44158
Home,PASS,,1,79368,5291.2,79370,5291.333,Player 7091,Player 6408,0.79532,0.46326,0.83413,0.50664
Home,PASS,,1,79371,5291.4,79372,5291.467,Player 6408,Player 7127,0.85353,0.52833,0.87293,0.55001
Home,PASS,,1,79379,5291.933,79385,5292.333,Player 7127,Player 6661,0.87443,0.54924,0.76403,0.42772
Home,PASS,,1,79386,5292.4,79387,5292.467,Player 6661,Player 7127,0.74563,0.40747,0.72723,0.38721
Home,BALL LOST,,1,79420,5294.667,79421,5294.733,Player 7127,,0.73918,0.38974,0.73929,0.38944
Away,RECOVERY,,1,79421,5294.733,79421,5294.733,Player 6879,,0.73929,0.38944,0.73929,0.38944
Away,PASS,LONG BALL,1,80108,5340.533,80137,5342.467,Player 6879,Player 6939,0.80327,0.4593,0.29256,0.52391
Away,PASS,LONG BALL,1,80158,5343.867,80177,5345.133,Player 6939,Player 7140,0.32247,0.56155,0.47579,0.12737
Away,PASS,LONG BALL,1,80183,5345.533,80206,5347.067,Player 7140,Player 6644,0.49516,0.15047,0.45803,0.85319
Away,BALL LOST,,1,80238,5349.2,80239,5349.267,Player 6644,,0.49724,0.93776,0.50023,0.93599
Home,RECOVERY,,1,80239,5349.267,80239,5349.267,Player 6661,,0.50023,0.93599,0.50023,0.93599
Home,PASS,,1,80264,5350.933,80285,5352.333,Player 6661,Player 7111,0.58539,0.90706,0.71975,0.75631
Home,PASS,,1,80295,5353.0,80298,5353.2,Player 7111,Player 7185,0.70972,0.73469,0.72115,0.8348
Home,BALL LOST,OUT,1,80300,5353.333,80300,5353.333,Player 7185,,0.72484,0.86441,0.77754,1.00877
Home,SET PIECE,,1,80321,5354.733,80321,5354.733,Player 7199,,0.77622,0.72491,0.77622,0.72491
Home,PASS,,1,80326,5355.067,80331,5355.4,Player 7199,Player 7185,0.75844,0.75411,0.75072,0.85944
Home,BALL LOST,OUT,1,80333,5355.533,80333,5355.533,Player 7185,,0.76471,0.93321,0.78586,1.0077
Home,SET PIECE,,1,80353,5356.867,80353,5356.867,Player 7199,,0.80921,0.72379,0.80921,0.72379
Home,PASS,,1,80354,5356.933,80362,5357.467,Player 7199,Player 6963,0.82177,0.71197,0.93374,0.60731
Home,BALL LOST,OUT,1,80374,5358.267,80374,5358.267,Player 6963,,0.99127,0.51621,1.01341,0.25162
Home,SET PIECE,,1,80398,5359.867,80398,5359.867,Player 6963,,0.8953,0.3196,0.8953,0.3196
Home,BALL LOST,INTERCEPTION,1,80405,5360.333,80408,5360.533,Player 6963,,0.91273,0.35151,0.86576,0.40605
Away,RECOVERY,INTERCEPTION,1,80408,5360.533,80408,5360.533,Player 7318,,0.86576,0.40605,0.86576,0.40605
Away,PASS,LONG BALL,1,80413,5360.867,80434,5362.267,Player 7318,Player 6755,0.85351,0.45397,0.5,0.45828
Away,PASS,,1,80442,5362.8,80446,5363.067,Player 7305,Player 7266,0.48717,0.4998,0.46151,0.48533
Away,BALL LOST,INTERCEPTION,1,80449,5363.267,80460,5364.0,Player 7266,,0.44771,0.4633,0.38415,0.38652
Home,RECOVERY,INTERCEPTION,1,80460,5364.0,80460,5364.0,Player 7331,,0.38415,0.38652,0.38415,0.38652
Home,PASS,,1,80471,5364.733,80481,5365.4,Player 7331,Player 7215,0.34142,0.34971,0.16242,0.556
Home,PASS,,1,80525,5368.333,80728,5381.867,Player 7215,Player 6408,0.16617,0.55463,0.3862,0.79483
Home,PASS,,1,80734,5382.267,80753,5383.533,Player 6408,Player 7321,0.37099,0.77369,0.32351,0.60194
Home,BALL LOST,INTERCEPTION,1,80827,5388.467,80831,5388.733,Player 7321,,0.16848,0.3718,0.18572,0.35804
Away,RECOVERY,INTERCEPTION,1,80831,5388.733,80831,5388.733,Player 7305,,0.18572,0.35804,0.18572,0.35804
Away,PASS,,1,80852,5390.133,80866,5391.067,Player 7305,Player 7335,0.3327,0.37963,0.5,0.37086
Away,PASS,,1,80868,5391.2,80894,5392.933,Player 7335,Player 6939,0.5,0.32959,0.38025,0.67485
Away,PASS,,1,80928,5395.2,80944,5396.267,Player 6939,Player 7301,0.48156,0.72821,0.67494,0.8386
Away,BALL LOST,OUT,1,80947,5396.467,80947,5396.467,Player 7301,,0.70082,0.84857,0.8146,1.0042
Away,SET PIECE,,1,81135,5409.0,81135,5409.0,Player 7302,,0.88237,0.31877,0.88237,0.31877
Away,BALL LOST,OUT,1,81155,5410.333,81155,5410.333,Player 7302,,0.88439,0.32259,1.0041,0.32367
Away,SET PIECE,KICK OFF,1,81251,5416.733,81251,5416.733,Player 7335,,0.5611,0.53083,0.5611,0.53083
Away,PASS,,1,81260,5417.333,81293,5419.533,Player 7335,Player 6755,0.57741,0.48937,0.63902,0.8817
Away,BALL LOST,,1,81295,5419.667,81296,5419.733,Player 6755,,0.64324,0.88164,0.66063,0.88221
Home,RECOVERY,,1,81296,5419.733,81296,5419.733,Player 7285,,0.66063,0.88221,0.66063,0.88221
Home,BALL LOST,,1,81303,5420.2,81304,5420.267,Player 7285,,0.6873,0.86803,0.69135,0.86769
Away,RECOVERY,,1,81304,5420.267,81304,5420.267,Player 6751,,0.69135,0.86769,0.69135,0.86769
Away,PASS,,1,81313,5420.867,81330,5422.0,Player 6751,Player 7426,0.71519,0.90045,0.7212,0.97266
Away,BALL LOST,OUT,1,81412,5427.467,81412,5427.467,Player 7426,,0.73873,0.96653,0.74065,1.0059
Away,SET PIECE,,1,81450,5430.0,81450,5430.0,Player 7318,,0.89458,0.58265,0.89458,0.58265
Away,PASS,LONG BALL,1,81577,5438.467,81639,5442.6,Player 7318,Player 7399,0.85099,0.36383,0.33027,0.64846
Away,BALL LOST,INTERCEPTION,1,81696,5446.4,81701,5446.733,Player 7399,,0.66938,0.89826,0.7835,0.9834
Home,RECOVERY,INTERCEPTION,1,81701,5446.733,81701,5446.733,Player 7425,,0.7835,0.9834,0.7835,0.9834
Home,PASS,LONG BALL,1,81710,5447.333,81848,5456.533,Player 7425,Player 6661,0.78592,0.98606,0.54617,0.54674
Away,PASS,,1,81868,5457.867,81900,5460.0,Player 7305,Player 6755,0.5651,0.60017,0.45407,0.94613
Away,BALL LOST,OUT,1,81930,5462.0,81930,5462.0,Player 6755,,0.46413,0.99497,0.47547,1.00339
Away,SET PIECE,THROW IN,1,81932,5462.133,81932,5462.133,Player 7464,,0.47657,0.99009,0.47657,0.99009
Away,BALL LOST,INTERCEPTION,1,81937,5462.467,81940,5462.667,Player 7464,,0.48297,0.92573,0.48547,0.89709
Home,RECOVERY,INTERCEPTION,1,81940,5462.667,81940,5462.667,Player 7284,,0.48547,0.89709,0.48547,0.89709
Home,PASS,LONG BALL,1,81945,5463.0,81960,5464.0,Player 7284,Player 7471,0.47052,0.84734,0.20752,0.58388
Home,PASS,LONG BALL,1,81989,5465.933,82006,5467.067,Player 7471,Player 7311,0.19203,0.56263,0.61154,0.68416
Home,PASS,LONG BALL,1,82007,5467.133,82022,5468.133,Player 7311,Player 7471,0.61431,0.68429,0.24312,0.59514
Home,PASS,LONG BALL,1,82102,5473.467,82118,5474.533,Player 7471,Player 7376,0.23258,0.62368,0.51897,0.88489
Home,BALL LOST,OUT,1,82128,5475.2,82128,5475.2,Player 7376,,0.50535,0.91764,0.48052,1.03609
Home,SET PIECE,THROW IN,1,82138,5475.867,82138,5475.867,Player 7425,,0.48052,1.03609,0.48052,1.03609
Home,BALL LOST,OUT,1,82140,5476.0,82140,5476.0,Player 7425,,0.46577,1.02928,0.45403,1.01023
Home,SET PIECE,,1,82171,5478.067,82171,5478.067,Player 7471,,0.21621,0.60517,0.21621,0.60517
Home,BALL LOST,INTERCEPTION,1,82661,5510.733,82771,5518.067,Player 7521,,0.20063,0.56403,0.13653,0.47569
Away,RECOVERY,INTERCEPTION,1,82771,5518.067,82771,5518.067,Player 7305,,0.13653,0.47569,0.13653,0.47569
Away,BALL LOST,INTERCEPTION,1,82795,5519.667,82815,5521.0,Player 7266,,0.13081,0.5195,0.2224,0.66843
Home,RECOVERY,INTERCEPTION,1,82815,5521.0,82815,5521.0,Player 7425,,0.2224,0.66843,0.2224,0.66843
Home,PASS,,1,82821,5521.4,82831,5522.067,Player 7425,Player 7467,0.24758,0.66967,0.26888,0.65991
Away,PASS,,1,82979,5531.933,82981,5532.067,Player 7399,Player 7494,0.15108,0.56771,0.15587,0.63598
Away,PASS,,1,82995,5533.0,83013,5534.2,Player 7494,Player 7561,0.09609,0.60622,0.08358,0.44211
Away,PASS,,1,83017,5534.467,83077,5538.467,Player 7543,Player 7399,0.12162,0.41368,0.24542,0.46377
Away,PASS,,1,83078,5538.533,83079,5538.6,Player 7399,Player 7543,0.26731,0.4588,0.28919,0.45383
Away,BALL LOST,INTERCEPTION,1,83080,5538.667,83116,5541.067,Player 7543,,0.31108,0.44886,0.29904,0.59706
Home,RECOVERY,INTERCEPTION,1,83116,5541.067,83116,5541.067,Player 7564,,0.29904,0.59706,0.29904,0.59706
Home,BALL LOST,OUT,1,83183,5545.533,83183,5545.533,Player 7564,,0.22737,0.50249,0.25777,1.00929
Home,SET PIECE,GOAL KICK,1,83286,5552.4,83286,5552.4,Player 7604,,0.03283,0.66969,0.03283,0.66969
Home,SHOT,OFF TARGET,1,83292,5552.8,83486,5565.733,Player 7604,,-0.0088,0.65363,-0.00487,0.58597
Away,SET PIECE,,1,83486,5565.733,83486,5565.733,Player 7648,,0.1531,0.53093,0.1531,0.53093
Away,PASS,,1,83487,5565.8,83491,5566.067,Player 7648,Player 7633,0.15308,0.53091,0.17591,0.5371
Away,PASS,,1,83493,5566.2,83513,5567.533,Player 7633,Player 7464,0.18733,0.5402,0.08234,0.45934
Away,PASS,,1,83520,5568.0,83527,5568.467,Player 7653,Player 7633,0.12712,0.50113,0.28213,0.41397
Away,BALL LOST,,1,83532,5568.8,83534,5568.933,Player 7633,,0.29513,0.43801,0.29982,0.44589
Home,RECOVERY,,1,83534,5568.933,83534,5568.933,Player 7284,,0.29982,0.44589,0.29982,0.44589
Home,BALL LOST,INTERCEPTION,1,83544,5569.6,83572,5571.467,Player 7284,,0.18922,0.54176,0.34181,0.53933
Away,RECOVERY,INTERCEPTION,1,83572,5571.467,83572,5571.467,Player 7461,,0.34181,0.53933,0.34181,0.53933
Away,PASS,,1,83583,5572.2,83598,5573.2,Player 7461,Player 7633,0.37318,0.81436,0.38772,0.75936
Away,PASS,,1,83614,5574.267,83616,5574.4,Player 7633,Player 7634,0.47669,0.72711,0.50503,0.72663
Away,BALL LOST,INTERCEPTION,1,83624,5574.933,83628,5575.2,Player 7572,,0.53318,0.72974,0.59996,0.77336
Home,RECOVERY,INTERCEPTION,1,83628,5575.2,83628,5575.2,Player 7284,,0.59996,0.77336,0.59996,0.77336
Home,BALL LOST,INTERCEPTION,1,83661,5577.4,83684,5578.933,Player 7284,,0.64698,0.76269,0.62687,0.90124
Away,RECOVERY,INTERCEPTION,1,83684,5578.933,83684,5578.933,Player 7488,,0.62687,0.90124,0.62687,0.90124
Away,PASS,,1,83695,5579.667,83707,5580.467,Player 7488,Player 7461,0.61876,0.87483,0.59363,0.85631
Away,BALL LOST,OUT,1,83726,5581.733,83726,5581.733,Player 7461,,0.67021,0.80222,0.85613,1.00375
Away,SET PIECE,,1,83772,5584.8,83772,5584.8,Player 7707,,0.84454,0.52853,0.84454,0.52853
Away,BALL LOST,OUT,1,83780,5585.333,83780,5585.333,Player 7707,,0.86288,0.54769,0.76994,1.00423
Away,SET PIECE,THROW IN,1,83888,5592.533,83888,5592.533,Player 7468,,0.76994,1.00423,0.76994,1.00423
Away,BALL LOST,OUT,1,83892,5592.8,83892,5592.8,Player 7468,,0.77015,1.00593,0.77547,1.00457
Away,SET PIECE,THROW IN,1,83907,5593.8,83907,5593.8,Player 7468,,0.77547,1.00457,0.77547,1.00457
Away,BALL LOST,OUT,1,83910,5594.0,83910,5594.0,Player 7468,,0.77429,0.97543,0.77429,0.97543
Away,SET PIECE,KICK OFF,1,84268,5617.867,84268,5617.867,Player 7561,,0.56233,0.5781,0.56233,0.5781
Away,BALL LOST,,1,84315,5621.0,84316,5621.067,Player 7561,,0.57668,0.59914,0.57764,0.59939
Home,RECOVERY,,1,84316,5621.067,84316,5621.067,Player 7594,,0.57764,0.59939,0.57764,0.59939
Home,BALL LOST,INTERCEPTION,1,84349,5623.267,84425,5628.333,Player 7594,,0.61791,0.63859,0.81495,0.93238
Away,RECOVERY,INTERCEPTION,1,84425,5628.333,84425,5628.333,Player 7813,,0.81495,0.93238,0.81495,0.93238
Away,BALL LOST,INTERCEPTION,1,84435,5629.0,84446,5629.733,Player 7813,,0.78161,0.94084,0.86778,0.5354
Home,RECOVERY,INTERCEPTION,1,84446,5629.733,84446,5629.733,Player 7594,,0.86778,0.5354,0.86778,0.5354
Home,PASS,,1,84469,5631.267,84612,5640.8,Player 7594,Player 7814,0.87085,0.53447,0.7563,0.42814
Home,BALL LOST,INTERCEPTION,1,84614,5640.933,84796,5653.067,Player 7814,,0.7907,0.45959,0.80517,0.3801
Away,RECOVERY,INTERCEPTION,1,84796,5653.067,84796,5653.067,Player 7633,,0.80517,0.3801,0.80517,0.3801
Away,PASS,,1,84834,5655.6,85026,5668.4,Player 7633,Player 7919,0.79057,0.42261,0.49917,0.3158
Home,PASS,LONG BALL,1,85043,5669.533,85076,5671.733,Player 7560,Player 7922,0.5134,0.37846,0.13028,0.37399
Away,PASS,,1,85163,5677.533,85185,5679.0,Player 7660,Player 7596,0.22565,0.47884,0.28171,0.44479
Away,BALL LOST,INTERCEPTION,1,85187,5679.133,85196,5679.733,Player 7596,,0.2641,0.5129,0.18486,0.81941
Home,RECOVERY,INTERCEPTION,1,85196,5679.733,85196,5679.733,Player 7564,,0.18486,0.81941,0.18486,0.81941
Home,BALL LOST,OUT,1,85273,5684.867,85273,5684.867,Player 7564,,0.26516,0.96735,0.37102,1.02503
Home,SET PIECE,THROW IN,1,85300,5686.667,85300,5686.667,Player 7795,,0.37102,1.02503,0.37102,1.02503
Home,PASS,,1,85306,5687.067,85315,5687.667,Player 7795,Player 7284,0.4127,0.9901,0.46969,0.94014
Home,PASS,LONG BALL,1,85316,5687.733,85334,5688.933,Player 7284,Player 7814,0.47242,0.93344,0.30266,0.34585
Home,PASS,,1,85350,5690.0,85356,5690.4,Player 7814,Player 7902,0.28923,0.4258,0.28083,0.49734
Home,PASS,,1,85357,5690.467,85417,5694.467,Player 7902,Player 7922,0.28341,0.46098,0.19043,0.58806
Home,BALL LOST,INTERCEPTION,1,85452,5696.8,85456,5697.067,Player 7922,,0.06971,0.24523,0.092,0.09582
Away,RECOVERY,INTERCEPTION,1,85456,5697.067,85456,5697.067,Player 7590,,0.092,0.09582,0.092,0.09582
Away,BALL LOST,OUT,1,85513,5700.867,85513,5700.867,Player 7590,,0.40948,0.2226,0.44862,-0.02297
Away,SET PIECE,,1,85544,5702.933,85544,5702.933,Player 7590,,0.38289,0.23413,0.38289,0.23413
Away,BALL LOST,,1,85571,5704.733,85572,5704.8,Player 7590,,0.40842,0.22966,0.40649,0.22991
Home,RECOVERY,,1,85572,5704.8,85572,5704.8,Player 7594,,0.40649,0.22991,0.40649,0.22991
Home,BALL LOST,OUT,1,85620,5708.0,85620,5708.0,Player 7594,,0.45213,0.21756,0.62102,-0.01053
Home,SET PIECE,,1,85697,5713.133,85697,5713.133,Player 7922,,0.32075,0.39617,0.32075,0.39617
Home,PASS,,1,85698,5713.2,85728,5715.2,Player 7922,Player 7835,0.30198,0.42159,0.16851,0.30934
Home,BALL LOST,,1,85824,5721.6,85825,5721.667,Player 7835,,0.15932,0.3457,0.1596,0.34603
Away,RECOVERY,,1,85825,5721.667,85825,5721.667,Player 8096,,0.1596,0.34603,0.1596,0.34603
Away,BALL LOST,,1,86045,5736.333,86046,5736.4,Player 8096,,0.16403,0.35087,0.16403,0.35087
Home,RECOVERY,,1,86046,5736.4,86046,5736.4,Player 8111,,0.16403,0.35087,0.16403,0.35087
Home,BALL LOST,INTERCEPTION,1,86075,5738.333,86090,5739.333,Player 8111,,0.16403,0.35089,0.16398,0.35079
Away,RECOVERY,INTERCEPTION,1,86090,5739.333,86090,5739.333,Player 8096,,0.16398,0.35079,0.16398,0.35079
Away,CHALLENGE,AERIAL-LOST,1,86261,5750.733,86279,5751.933,Player 8096,,0.16393,0.35064,0.16392,0.35063
Home,CHALLENGE,AERIAL-WON,1,86261,5750.733,86279,5751.933,Player 8165,,0.16393,0.35064,0.16392,0.35063
Home,BALL LOST,OUT,1,86404,5760.267,86404,5760.267,Player 8161,,0.15893,0.30359,0.01192,-0.08861
Home,SET PIECE,,1,86642,5776.133,86642,5776.133,Player 7902,,0.19936,0.35704,0.19936,0.35704
Home,PASS,,1,86648,5776.533,86665,5777.667,Player 7902,Player 8153,0.19963,0.35744,0.18514,0.33767
Home,PASS,,1,86676,5778.4,86680,5778.667,Player 8153,Player 7922,0.18513,0.33832,0.16828,0.31266
Away,CHALLENGE,AERIAL-LOST,1,86721,5781.4,86728,5781.867,Player 7805,,0.21155,0.36919,0.21919,0.37653
Home,CHALLENGE,AERIAL-WON,1,86721,5781.4,86728,5781.867,Player 7929,,0.21155,0.36919,0.21919,0.37653
Home,PASS,,1,86744,5782.933,86748,5783.2,Player 7425,Player 7922,0.22062,0.3782,0.15856,0.34173
Home,PASS,,1,86815,5787.667,86921,5794.733,Player 7922,Player 8272,0.20842,0.59994,0.07993,0.6926
Home,PASS,LONG BALL,1,86928,5795.2,86963,5797.533,Player 8272,Player 7929,0.08257,0.73392,0.39096,0.93799
Home,BALL LOST,,1,86964,5797.6,86965,5797.667,Player 7929,,0.39928,0.94679,0.40761,0.9556
Away,RECOVERY,,1,86965,5797.667,86965,5797.667,Player 7919,,0.40761,0.9556,0.40761,0.9556
Away,BALL LOST,INTERCEPTION,1,86973,5798.2,86982,5798.8,Player 7919,,0.46082,0.99533,0.48346,0.945
Home,RECOVERY,INTERCEPTION,1,86982,5798.8,86982,5798.8,Player 8162,,0.48346,0.945,0.48346,0.945
Home,PASS,,1,86994,5799.6,86997,5799.8,Player 8162,Player 7835,0.4835,0.89529,0.52921,0.89599
Home,PASS,LONG BALL,1,86998,5799.867,87015,5801.0,Player 7835,Player 8153,0.55096,0.89548,0.70423,0.462
Home,PASS,LONG BALL,1,87020,5801.333,87129,5808.6,Player 8153,Player 7922,0.69753,0.46317,0.18755,0.60009
Home,CHALLENGE,AERIAL-LOST,1,87155,5810.333,87166,5811.067,Player 7922,,0.15949,0.60129,0.14939,0.36913
Away,CHALLENGE,AERIAL-WON,1,87155,5810.333,87166,5811.067,Player 7572,,0.15949,0.60129,0.14939,0.36913
Away,PASS,,1,87202,5813.467,87232,5815.467,Player 7572,Player 8300,0.87671,0.40548,0.64477,0.58531
Away,PASS,,1,87233,5815.533,87237,5815.8,Player 8300,Player 7919,0.62682,0.60804,0.66719,0.74077
Away,PASS,,1,87238,5815.867,87248,5816.533,Player 7919,Player 7461,0.67728,0.77396,0.74127,0.96503
Away,BALL LOST,INTERCEPTION,1,87264,5817.6,87298,5819.867,Player 7461,,0.65077,0.86038,0.93443,0.4275
Home,RECOVERY,INTERCEPTION,1,87298,5819.867,87298,5819.867,Player 7834,,0.93443,0.4275,0.93443,0.4275
Home,BALL LOST,OUT,1,87318,5821.2,87318,5821.2,Player 8207,,0.74336,0.86746,0.73125,1.00347
Home,SET PIECE,,1,87333,5822.2,87333,5822.2,Player 7827,,0.6649,0.91548,0.6649,0.91548
Away,PASS,,1,87397,5826.467,87451,5830.067,Player 8336,Player 7572,0.80092,0.37505,0.95501,0.61732
Away,PASS,,1,87452,5830.133,87469,5831.267,Player 7572,Player 8356,0.94804,0.59013,0.89101,0.32107
Away,PASS,LONG BALL,1,87470,5831.333,87518,5834.533,Player 8356,Player 8357,0.89144,0.32206,0.26171,0.40965
Away,PASS,,1,87524,5834.933,87537,5835.8,Player 8357,Player 8417,0.25723,0.35954,0.22003,0.25857
Away,BALL LOST,INTERCEPTION,1,87561,5837.4,87570,5838.0,Player 8417,,0.23586,0.22117,0.35384,0.19829
Home,RECOVERY,INTERCEPTION,1,87570,5838.0,87570,5838.0,Player 8222,,0.35384,0.19829,0.35384,0.19829
Home,BALL LOST,,1,87578,5838.533,87580,5838.667,Player 8222,,0.41936,0.18823,0.43367,0.18734
Away,RECOVERY,,1,87580,5838.667,87580,5838.667,Player 8336,,0.43367,0.18734,0.43367,0.18734
Away,BALL LOST,,1,87596,5839.733,87597,5839.8,Player 8336,,0.46742,0.20433,0.46871,0.20596
Home,RECOVERY,,1,87597,5839.8,87597,5839.8,Player 8222,,0.46871,0.20596,0.46871,0.20596
Home,BALL LOST,,1,87605,5840.333,87606,5840.4,Player 8222,,0.46533,0.21031,0.45288,0.20326
Away,RECOVERY,,1,87606,5840.4,87606,5840.4,Player 8336,,0.45288,0.20326,0.45288,0.20326
Away,PASS,,1,87612,5840.8,87655,5843.667,Player 8336,Player 8418,0.44359,0.19512,0.69176,0.34926
Away,PASS,,1,87659,5843.933,87767,5851.133,Player 8418,Player 8300,0.70564,0.37401,0.6478,0.33322
Away,PASS,LONG BALL,1,87777,5851.8,87871,5858.067,Player 8300,Player 8423,0.68689,0.37843,0.96723,0.86521
Home,PASS,,1,88465,5897.667,88711,5914.067,Player 8525,Player 8599,0.22863,0.35887,0.2257,0.79369
Away,PASS,,1,88730,5915.333,88736,5915.733,Player 8001,Player 7461,0.26354,0.91409,0.23305,0.88806
Away,BALL LOST,,1,88738,5915.867,88739,5915.933,Player 7461,,0.2291,0.88218,0.22923,0.88025
Home,RECOVERY,,1,88739,5915.933,88739,5915.933,Player 7817,,0.22923,0.88025,0.22923,0.88025
Home,BALL LOST,OUT,1,88783,5918.867,88783,5918.867,Player 7827,,0.21978,0.99321,0.21259,1.00313
Home,SET PIECE,,1,89008,5933.867,89008,5933.867,Player 8525,,0.10101,0.60491,0.10101,0.60491
